
> stabileo-web@0.1.0 check
> svelte-check --tsconfig ./tsconfig.json --output machine

1788864240355 START "d:\\Documents\\coding\\Calcsta\\web"
1788864240355 ERROR "src\\lib\\codes\\cirsoc201\\transverse-cage.ts" 82:72 "'HookGeometry' is declared but its value is never read."
1788864240355 ERROR "src\\lib\\engine\\station-design-forces.ts" 22:74 "'BeamRegions' is declared but never used."
1788864240355 ERROR "src\\lib\\engine\\station-design-forces.ts" 23:1 "All imports in import declaration are unused."
1788864240355 ERROR "src\\lib\\engine\\station-design-forces.ts" 320:9 "'demands' is declared but its value is never read."
1788864240355 ERROR "src\\lib\\engine\\station-design-forces.ts" 964:9 "'faceR' is declared but its value is never read."
1788864240355 ERROR "src\\lib\\engine\\station-design-forces.ts" 1245:3 "'tensDia' is declared but its value is never read."
1788864240355 ERROR "src\\lib\\engine\\station-design-forces.ts" 1245:24 "'compDia' is declared but its value is never read."
1788864240355 ERROR "src\\lib\\engine\\station-design-forces.ts" 1348:9 "'Ag' is declared but its value is never read."
1788864240356 ERROR "src\\lib\\engine\\wasm-solver.ts" 174:36 "Cannot find module '../wasm/dedaliano_engine.js' or its corresponding type declarations."
1788864240356 ERROR "src\\lib\\engine\\solver-service.ts" 1571:89 "Property 'curved' does not exist on type '{ id: number; nodes: [number, number, number, number]; materialId: number; thickness: number; }'."
1788864240356 ERROR "src\\lib\\engine\\solver-service.ts" 1572:95 "Property 'curved' does not exist on type '{ id: number; nodes: [number, number, number, number]; materialId: number; thickness: number; }'."
1788864240356 ERROR "src\\lib\\engine\\influence-service.ts" 51:7 "Type '{ nodes: Map<number, { id: number; x: number; y: number; }>; materials: Map<number, { id: number; e: number; nu: number; }>; sections: Map<number, { id: number; a: number; iz: any; }>; elements: Map<...>; supports: Map<...>; loads: any[]; }' is not assignable to type 'SolverInput'.\n  Types of property 'nodes' are incompatible.\n    Type 'Map<number, { id: number; x: number; y: number; }>' is not assignable to type 'Map<number, SolverNode>'.\n      Property 'z' is missing in type '{ id: number; x: number; y: number; }' but required in type 'SolverNode'."
1788864240356 ERROR "src\\lib\\geometry\\plane-projection.ts" 290:9 "'mergedNodes' is declared but its value is never read."
1788864240356 ERROR "src\\lib\\geometry\\plane-projection.ts" 369:28 "Argument of type '{ id: number; type: string; }' is not assignable to parameter of type '{ [k: string]: unknown; id: number; nodeId: number; type: string; }'.\n  Property 'nodeId' is missing in type '{ id: number; type: string; }' but required in type '{ [k: string]: unknown; id: number; nodeId: number; type: string; }'."
1788864240356 ERROR "src\\lib\\store\\model.svelte.ts" 1474:32 "Argument of type '{ id: number; nodeId: number; type: string; angle?: number | undefined; isGlobal?: boolean | undefined; kx?: number | undefined; ky?: number | undefined; kz?: number | undefined; dx?: number | undefined; ... 7 more ...; krz?: number | undefined; }' is not assignable to parameter of type 'Partial<Support>'.\n  Types of property 'type' are incompatible.\n    Type 'string' is not assignable to type 'SupportType | undefined'."
1788864240356 ERROR "src\\lib\\store\\model.svelte.ts" 1475:34 "Argument of type '{ id: number; nodeId: number; type: string; angle?: number | undefined; isGlobal?: boolean | undefined; kx?: number | undefined; ky?: number | undefined; kz?: number | undefined; dx?: number | undefined; ... 7 more ...; krz?: number | undefined; }' is not assignable to parameter of type 'Partial<Support>'.\n  Types of property 'type' are incompatible.\n    Type 'string' is not assignable to type 'SupportType | undefined'."
1788864240356 ERROR "src\\lib\\engine\\solver-detailed.ts" 117:10 "Type '\"rollerY\"' is not comparable to type 'SupportType'."
1788864240356 ERROR "src\\lib\\engine\\solver-detailed.ts" 468:27 "Property 'fy' does not exist on type 'SolverNodalLoad'."
1788864240356 ERROR "src\\lib\\engine\\solver-detailed.ts" 468:31 "Property 'mz' does not exist on type 'SolverNodalLoad'."
1788864240356 ERROR "src\\lib\\engine\\solver-detailed.ts" 582:53 "Property 'dy' does not exist on type 'SolverSupport'."
1788864240356 ERROR "src\\lib\\engine\\solver-detailed.ts" 583:73 "Property 'drz' does not exist on type 'SolverSupport'."
1788864240356 ERROR "src\\lib\\store\\verification.svelte.ts" 34:30 "'DesignCodeId' is declared but its value is never read."
1788864240356 ERROR "src\\lib\\engine\\detailing\\generate-column.ts" 719:75 "Expected 3 arguments, but got 4."
1788864240356 ERROR "src\\lib\\engine\\detailing\\generate-beam.ts" 43:30 "'minMandrelDiameter' is declared but its value is never read."
1788864240356 ERROR "src\\lib\\engine\\detailing\\run-detailing.ts" 71:1 "'envelopeIsComplete' is declared but its value is never read."
1788864240356 ERROR "src\\lib\\engine\\detailing\\run-detailing.ts" 1364:17 "'root' is declared but its value is never read."
1788864240356 ERROR "src\\lib\\engine\\detailing\\run-detailing.ts" 1404:17 "'root' is declared but its value is never read."
1788864240356 ERROR "src\\lib\\engine\\detailing\\run-detailing.ts" 1428:17 "'root' is declared but its value is never read."
1788864240356 ERROR "src\\lib\\engine\\detailing\\run-detailing.ts" 2163:9 "'prohibitedFor' is declared but its value is never read."
1788864240356 ERROR "src\\lib\\engine\\detailing\\run-detailing.ts" 2167:9 "'spacingFailures' is declared but its value is never read."
1788864240356 ERROR "src\\lib\\engine\\design\\adapters\\cirsoc201-adapter.ts" 37:1 "'clause' is declared but its value is never read."
1788864240356 ERROR "src\\lib\\viewport\\draw-entities.ts" 11:3 "'TWO_D_DISPLACEMENT_LABELS' is declared but its value is never read."
1788864240356 ERROR "src\\components\\Viewport.svelte" 1154:25 "Argument of type '{ nodeId: number; ux: number; uy: number; rz: number; }[]' is not assignable to parameter of type '{ nodeId: number; ux: number; uz: number; ry: number; }[]'.\n  Type '{ nodeId: number; ux: number; uy: number; rz: number; }' is missing the following properties from type '{ nodeId: number; ux: number; uz: number; ry: number; }': uz, ry"
1788864240356 ERROR "src\\components\\Viewport.svelte" 1166:25 "Argument of type '{ nodeId: number; ux: number; uy: number; rz: number; }[]' is not assignable to parameter of type '{ nodeId: number; ux: number; uz: number; ry: number; }[]'.\n  Type '{ nodeId: number; ux: number; uy: number; rz: number; }' is missing the following properties from type '{ nodeId: number; ux: number; uz: number; ry: number; }': uz, ry"
1788864240356 ERROR "src\\components\\Viewport.svelte" 1629:34 "Property 'slide' does not exist on type '{ my: boolean; mz: boolean; t: boolean; }'."
1788864240356 ERROR "src\\components\\Viewport.svelte" 1629:63 "Property 'slideAxis' does not exist on type '{ my: boolean; mz: boolean; t: boolean; }'."
1788864240356 ERROR "src\\components\\Viewport.svelte" 1986:45 "This comparison appears to be unintentional because the types '\"loads\" | \"nodes\" | \"elements\" | \"supports\" | \"shells\"' and '\"stress\"' have no overlap."
1788864240356 ERROR "src\\components\\Viewport.svelte" 2218:38 "Property 'uy' does not exist on type 'Displacement'."
1788864240356 ERROR "src\\components\\Viewport.svelte" 2218:54 "Property 'rz' does not exist on type 'Displacement'."
1788864240356 ERROR "src\\components\\Viewport.svelte" 2219:38 "Property 'uy' does not exist on type 'Displacement'."
1788864240356 ERROR "src\\components\\Viewport.svelte" 2219:54 "Property 'rz' does not exist on type 'Displacement'."
1788864240356 ERROR "src\\components\\Viewport.svelte" 2228:41 "Property 'rz' does not exist on type 'Displacement'."
1788864240356 ERROR "src\\components\\Viewport.svelte" 2228:65 "Property 'rz' does not exist on type 'Displacement'."
1788864240356 ERROR "src\\components\\Viewport.svelte" 2228:84 "Property 'rz' does not exist on type 'Displacement'."
1788864240356 WARNING "src\\components\\ElementEditor.svelte" 104:3 "`<div>` with a keydown handler must have an ARIA role\nhttps://svelte.dev/e/a11y_no_static_element_interactions"
1788864240356 ERROR "src\\components\\DespieceInspector.svelte" 36:7 "'topPx' is declared but its value is never read."
1788864240356 WARNING "src\\components\\ProfileSelector.svelte" 44:3 "Elements with the 'dialog' interactive role must have a tabindex value\nhttps://svelte.dev/e/a11y_interactive_supports_focus"
1788864240356 WARNING "src\\components\\ProfileSelector.svelte" 45:5 "Visible, non-interactive elements with a click event must be accompanied by a keyboard event handler. Consider whether an interactive element such as `<button type=\"button\">` or `<a>` might be more appropriate\nhttps://svelte.dev/e/a11y_click_events_have_key_events"
1788864240356 WARNING "src\\components\\ProfileSelector.svelte" 45:5 "`<div>` with a click handler must have an ARIA role\nhttps://svelte.dev/e/a11y_no_static_element_interactions"
1788864240357 WARNING "src\\components\\dsm\\Step2LocalMatrices.svelte" 87:3 "Unused CSS selector \".formula-note\"\nhttps://svelte.dev/e/css_unused_selector"
1788864240357 WARNING "src\\components\\dsm\\VectorDisplay.svelte" 34:9 "`<tr>` cannot be a child of `<table>`. `<table>` only allows these children: `<caption>`, `<colgroup>`, `<tbody>`, `<thead>`, `<tfoot>`, `<style>`, `<script>`, `<template>`. When rendering this component on the server, the resulting HTML will be modified by the browser (by moving, removing, or inserting elements), likely resulting in a `hydration_mismatch` warning\nhttps://svelte.dev/e/node_invalid_placement_ssr"
1788864240357 WARNING "src\\components\\dsm\\VectorDisplay.svelte" 40:7 "`<tr>` cannot be a child of `<table>`. `<table>` only allows these children: `<caption>`, `<colgroup>`, `<tbody>`, `<thead>`, `<tfoot>`, `<style>`, `<script>`, `<template>`. When rendering this component on the server, the resulting HTML will be modified by the browser (by moving, removing, or inserting elements), likely resulting in a `hydration_mismatch` warning\nhttps://svelte.dev/e/node_invalid_placement_ssr"
1788864240357 WARNING "src\\components\\dsm\\VectorDisplay.svelte" 49:9 "`<tr>` cannot be a child of `<table>`. `<table>` only allows these children: `<caption>`, `<colgroup>`, `<tbody>`, `<thead>`, `<tfoot>`, `<style>`, `<script>`, `<template>`. When rendering this component on the server, the resulting HTML will be modified by the browser (by moving, removing, or inserting elements), likely resulting in a `hydration_mismatch` warning\nhttps://svelte.dev/e/node_invalid_placement_ssr"
1788864240357 WARNING "src\\components\\DxfImportDialog.svelte" 164:5 "Visible, non-interactive elements with a click event must be accompanied by a keyboard event handler. Consider whether an interactive element such as `<button type=\"button\">` or `<a>` might be more appropriate\nhttps://svelte.dev/e/a11y_click_events_have_key_events"
1788864240357 WARNING "src\\components\\DxfImportDialog.svelte" 164:5 "`<div>` with a click handler must have an ARIA role\nhttps://svelte.dev/e/a11y_no_static_element_interactions"
1788864240357 WARNING "src\\components\\DxfImportDialog.svelte" 182:13 "A form label must be associated with a control\nhttps://svelte.dev/e/a11y_label_has_associated_control"
1788864240357 WARNING "src\\components\\DxfImportDialog.svelte" 190:13 "A form label must be associated with a control\nhttps://svelte.dev/e/a11y_label_has_associated_control"
1788864240357 WARNING "src\\components\\ribbon\\Ribbon.svelte" 578:3 "Unused CSS selector \".rb-cmd.prominent\"\nhttps://svelte.dev/e/css_unused_selector"
1788864240357 WARNING "src\\components\\ribbon\\Ribbon.svelte" 584:3 "Unused CSS selector \".rb-cmd.prominent :global(svg)\"\nhttps://svelte.dev/e/css_unused_selector"
1788864240357 WARNING "src\\components\\tables\\ResultsTable.svelte" 271:3 "Unused CSS selector \".combo-view-tabs\"\nhttps://svelte.dev/e/css_unused_selector"
1788864240357 WARNING "src\\components\\tables\\ResultsTable.svelte" 274:3 "Unused CSS selector \".combo-view-tabs button.active\"\nhttps://svelte.dev/e/css_unused_selector"
1788864240357 WARNING "src\\components\\toolbar\\ToolbarResults.svelte" 158:11 "A form label must be associated with a control\nhttps://svelte.dev/e/a11y_label_has_associated_control"
1788864240357 WARNING "src\\components\\toolbar\\ToolbarResults.svelte" 166:11 "A form label must be associated with a control\nhttps://svelte.dev/e/a11y_label_has_associated_control"
1788864240357 WARNING "src\\components\\toolbar\\ToolbarResults.svelte" 180:13 "A form label must be associated with a control\nhttps://svelte.dev/e/a11y_label_has_associated_control"
1788864240357 WARNING "src\\components\\toolbar\\ToolbarResults.svelte" 193:13 "A form label must be associated with a control\nhttps://svelte.dev/e/a11y_label_has_associated_control"
1788864240357 WARNING "src\\components\\toolbar\\ToolbarResults.svelte" 227:11 "A form label must be associated with a control\nhttps://svelte.dev/e/a11y_label_has_associated_control"
1788864240357 WARNING "src\\components\\toolbar\\ToolbarResults.svelte" 283:13 "A form label must be associated with a control\nhttps://svelte.dev/e/a11y_label_has_associated_control"
1788864240357 WARNING "src\\components\\toolbar\\ToolbarResults.svelte" 427:19 "A form label must be associated with a control\nhttps://svelte.dev/e/a11y_label_has_associated_control"
1788864240357 WARNING "src\\components\\toolbar\\ToolbarResults.svelte" 523:3 "Unused CSS selector \".results-table-block\"\nhttps://svelte.dev/e/css_unused_selector"
1788864240357 WARNING "src\\components\\toolbar\\ToolbarAdvanced.svelte" 892:3 "Unused CSS selector \".flat .il-sub-panel\"\nhttps://svelte.dev/e/css_unused_selector"
1788864240357 ERROR "src\\components\\toolbar\\ToolbarAdvanced.svelte" 141:22 "Type '\"base\"' is not assignable to type 'ResultsView'."
1788864240357 ERROR "src\\components\\toolbar\\ToolbarAdvanced.svelte" 147:84 "Argument of type 'null' is not assignable to parameter of type 'InfluenceLineResult'."
1788864240357 WARNING "src\\components\\HelpTip.svelte" 83:1 "`<span>` with a mouseenter or mouseleave handler must have an ARIA role\nhttps://svelte.dev/e/a11y_no_static_element_interactions"
1788864240357 WARNING "src\\components\\toolbar\\ToolbarConfig.svelte" 87:54 "A form label must be associated with a control\nhttps://svelte.dev/e/a11y_label_has_associated_control"
1788864240357 WARNING "src\\components\\toolbar\\ToolbarConfig.svelte" 146:49 "A form label must be associated with a control\nhttps://svelte.dev/e/a11y_label_has_associated_control"
1788864240357 WARNING "src\\components\\toolbar\\ToolbarConfig.svelte" 154:54 "A form label must be associated with a control\nhttps://svelte.dev/e/a11y_label_has_associated_control"
1788864240357 WARNING "src\\components\\toolbar\\ToolbarConfig.svelte" 161:49 "A form label must be associated with a control\nhttps://svelte.dev/e/a11y_label_has_associated_control"
1788864240357 WARNING "src\\components\\toolbar\\ToolbarConfig.svelte" 373:3 "Unused CSS selector \"input[type=\"radio\"]\"\nhttps://svelte.dev/e/css_unused_selector"
1788864240357 WARNING "src\\components\\toolbar\\ToolbarConfig.svelte" 378:3 "Unused CSS selector \".help-hint\"\nhttps://svelte.dev/e/css_unused_selector"
1788864240357 WARNING "src\\components\\toolbar\\ToolbarConfig.svelte" 392:3 "Unused CSS selector \".help-hint:hover\"\nhttps://svelte.dev/e/css_unused_selector"
1788864240357 ERROR "src\\components\\toolbar\\ToolbarExamples.svelte" 2:38 "'uiStore' is declared but its value is never read."
1788864240357 WARNING "src\\components\\CalcReportDialog.svelte" 116:1 "Visible, non-interactive elements with a click event must be accompanied by a keyboard event handler. Consider whether an interactive element such as `<button type=\"button\">` or `<a>` might be more appropriate\nhttps://svelte.dev/e/a11y_click_events_have_key_events"
1788864240357 WARNING "src\\components\\CalcReportDialog.svelte" 118:3 "Visible, non-interactive elements with a click event must be accompanied by a keyboard event handler. Consider whether an interactive element such as `<button type=\"button\">` or `<a>` might be more appropriate\nhttps://svelte.dev/e/a11y_click_events_have_key_events"
1788864240357 WARNING "src\\components\\toolbar\\ToolbarProject.svelte" 378:3 "Unused CSS selector \".small-btn\"\nhttps://svelte.dev/e/css_unused_selector"
1788864240357 WARNING "src\\components\\toolbar\\ToolbarProject.svelte" 388:3 "Unused CSS selector \".small-btn:hover:not(:disabled)\"\nhttps://svelte.dev/e/css_unused_selector"
1788864240357 WARNING "src\\components\\toolbar\\ToolbarProject.svelte" 393:3 "Unused CSS selector \".small-btn:disabled\"\nhttps://svelte.dev/e/css_unused_selector"
1788864240357 ERROR "src\\components\\toolbar\\ToolbarProject.svelte" 127:22 "Type 'true' is not assignable to type 'never'."
1788864240357 ERROR "src\\lib\\engine\\kinematic-report.ts" 1265:33 "Property 'y' does not exist on type 'SolverNode'."
1788864240357 ERROR "src\\lib\\engine\\kinematic-report.ts" 1265:42 "Property 'y' does not exist on type 'SolverNode'."
1788864240357 ERROR "src\\lib\\engine\\kinematic-report.ts" 1272:33 "Property 'y' does not exist on type 'SolverNode'."
1788864240357 ERROR "src\\lib\\engine\\kinematic-report.ts" 1272:42 "Property 'y' does not exist on type 'SolverNode'."
1788864240357 ERROR "src\\lib\\engine\\kinematic-report.ts" 1289:47 "Property 'y' does not exist on type 'SolverNode'."
1788864240357 ERROR "src\\lib\\engine\\kinematic-report.ts" 1289:56 "Property 'y' does not exist on type 'SolverNode'."
1788864240357 WARNING "src\\components\\WhatIfPanel.svelte" 200:13 "A form label must be associated with a control\nhttps://svelte.dev/e/a11y_label_has_associated_control"
1788864240357 WARNING "src\\components\\WhatIfPanel.svelte" 217:11 "A form label must be associated with a control\nhttps://svelte.dev/e/a11y_label_has_associated_control"
1788864240357 WARNING "src\\components\\WhatIfPanel.svelte" 234:11 "A form label must be associated with a control\nhttps://svelte.dev/e/a11y_label_has_associated_control"
1788864240357 WARNING "src\\components\\WhatIfPanel.svelte" 247:11 "A form label must be associated with a control\nhttps://svelte.dev/e/a11y_label_has_associated_control"
1788864240357 ERROR "src\\components\\SectionStressPanel.svelte" 16:47 "'tourStore' is declared but its value is never read."
1788864240358 WARNING "src\\components\\tables\\ElementsTable.svelte" 181:3 "Unused CSS selector \"td input[type=\"number\"]\"\nhttps://svelte.dev/e/css_unused_selector"
1788864240358 WARNING "src\\components\\tables\\SupportsTable.svelte" 171:3 "Unused CSS selector \".dof-chk\"\nhttps://svelte.dev/e/css_unused_selector"
1788864240358 WARNING "src\\components\\tables\\SupportsTable.svelte" 180:3 "Unused CSS selector \".dof-chk input\"\nhttps://svelte.dev/e/css_unused_selector"
1788864240358 ERROR "src\\components\\tables\\SupportsTable.svelte" 5:36 "'unitLabel' is declared but its value is never read."
1788864240358 WARNING "src\\components\\MaterialPresetSelector.svelte" 95:5 "Visible, non-interactive elements with a click event must be accompanied by a keyboard event handler. Consider whether an interactive element such as `<button type=\"button\">` or `<a>` might be more appropriate\nhttps://svelte.dev/e/a11y_click_events_have_key_events"
1788864240358 WARNING "src\\components\\tables\\MaterialsTable.svelte" 198:3 "Unused CSS selector \".name-with-action\"\nhttps://svelte.dev/e/css_unused_selector"
1788864240358 WARNING "src\\components\\tables\\MaterialsTable.svelte" 204:3 "Unused CSS selector \".name-with-action input\"\nhttps://svelte.dev/e/css_unused_selector"
1788864240358 WARNING "src\\components\\SectionChanger.svelte" 205:3 "Elements with the 'dialog' interactive role must have a tabindex value\nhttps://svelte.dev/e/a11y_interactive_supports_focus"
1788864240358 WARNING "src\\components\\SectionChanger.svelte" 206:5 "Visible, non-interactive elements with a click event must be accompanied by a keyboard event handler. Consider whether an interactive element such as `<button type=\"button\">` or `<a>` might be more appropriate\nhttps://svelte.dev/e/a11y_click_events_have_key_events"
1788864240358 WARNING "src\\components\\SectionChanger.svelte" 206:5 "`<div>` with a click handler must have an ARIA role\nhttps://svelte.dev/e/a11y_no_static_element_interactions"
1788864240358 WARNING "src\\components\\SectionChanger.svelte" 595:3 "Unused CSS selector \".series-group\"\nhttps://svelte.dev/e/css_unused_selector"
1788864240358 WARNING "src\\components\\SectionChanger.svelte" 716:3 "Unused CSS selector \".profile-tabs\"\nhttps://svelte.dev/e/css_unused_selector"
1788864240358 WARNING "src\\components\\SectionChanger.svelte" 775:3 "Unused CSS selector \".series-label\"\nhttps://svelte.dev/e/css_unused_selector"
1788864240358 WARNING "src\\components\\SectionChanger.svelte" 779:3 "Unused CSS selector \".series-label:first-child\"\nhttps://svelte.dev/e/css_unused_selector"
1788864240358 WARNING "src\\components\\SectionChanger.svelte" 783:3 "Unused CSS selector \".profile-head\"\nhttps://svelte.dev/e/css_unused_selector"
1788864240358 WARNING "src\\components\\tables\\SectionsTable.svelte" 367:3 "Unused CSS selector \".rot-input\"\nhttps://svelte.dev/e/css_unused_selector"
1788864240358 WARNING "src\\components\\tables\\SectionsTable.svelte" 393:3 "Unused CSS selector \".name-with-action\"\nhttps://svelte.dev/e/css_unused_selector"
1788864240358 WARNING "src\\components\\tables\\SectionsTable.svelte" 399:3 "Unused CSS selector \".name-with-action input\"\nhttps://svelte.dev/e/css_unused_selector"
1788864240358 WARNING "src\\components\\tables\\SectionsTable.svelte" 459:3 "Unused CSS selector \".ro-val\"\nhttps://svelte.dev/e/css_unused_selector"
1788864240358 WARNING "src\\components\\DataTable.svelte" 61:1 "Non-interactive element `<div>` should not be assigned mouse or keyboard event listeners\nhttps://svelte.dev/e/a11y_no_noninteractive_element_interactions"
1788864240358 ERROR "src\\components\\DataTable.svelte" 12:8 "'TabId' is declared but never used."
1788864240358 WARNING "src\\components\\floating-tools\\ToolNodeOptions.svelte" 94:3 "Unused CSS selector \".ft-input-group\"\nhttps://svelte.dev/e/css_unused_selector"
1788864240358 WARNING "src\\components\\floating-tools\\ToolNodeOptions.svelte" 102:3 "Unused CSS selector \".ft-input-group input\"\nhttps://svelte.dev/e/css_unused_selector"
1788864240358 WARNING "src\\components\\floating-tools\\ToolNodeOptions.svelte" 112:3 "Unused CSS selector \".ft-unit\"\nhttps://svelte.dev/e/css_unused_selector"
1788864240358 WARNING "src\\components\\floating-tools\\ToolSupportOptions.svelte" 165:3 "Unused CSS selector \".ft-chk\"\nhttps://svelte.dev/e/css_unused_selector"
1788864240358 WARNING "src\\components\\floating-tools\\ToolSupportOptions.svelte" 174:3 "Unused CSS selector \".ft-chk input\"\nhttps://svelte.dev/e/css_unused_selector"
1788864240358 WARNING "src\\components\\floating-tools\\ToolSupportOptions.svelte" 180:3 "Unused CSS selector \".ft-chk span\"\nhttps://svelte.dev/e/css_unused_selector"
1788864240358 WARNING "src\\components\\floating-tools\\ToolSupportOptions.svelte" 228:3 "Unused CSS selector \".ft-hint\"\nhttps://svelte.dev/e/css_unused_selector"
1788864240358 WARNING "src\\components\\floating-tools\\SelectedEntityPanel.svelte" 409:3 "Unused CSS selector \".ft-chk\"\nhttps://svelte.dev/e/css_unused_selector"
1788864240358 WARNING "src\\components\\floating-tools\\SelectedEntityPanel.svelte" 418:3 "Unused CSS selector \".ft-chk input\"\nhttps://svelte.dev/e/css_unused_selector"
1788864240358 WARNING "src\\components\\floating-tools\\SelectedEntityPanel.svelte" 424:3 "Unused CSS selector \".ft-chk span\"\nhttps://svelte.dev/e/css_unused_selector"
1788864240358 WARNING "src\\components\\TabBar.svelte" 54:5 "Visible, non-interactive elements with a click event must be accompanied by a keyboard event handler. Consider whether an interactive element such as `<button type=\"button\">` or `<a>` might be more appropriate\nhttps://svelte.dev/e/a11y_click_events_have_key_events"
1788864240358 ERROR "src\\components\\KeyboardShortcuts.svelte" 327:11 "Argument of type '{ nodes: Set<number>; elements: Set<number>; }' is not assignable to parameter of type 'DeleteSelectionInput'.\n  Property 'shells' is missing in type '{ nodes: Set<number>; elements: Set<number>; }' but required in type 'DeleteSelectionInput'."
1788864240358 WARNING "src\\components\\HelpOverlay.svelte" 16:5 "Visible, non-interactive elements with a click event must be accompanied by a keyboard event handler. Consider whether an interactive element such as `<button type=\"button\">` or `<a>` might be more appropriate\nhttps://svelte.dev/e/a11y_click_events_have_key_events"
1788864240358 WARNING "src\\components\\HelpOverlay.svelte" 16:5 "`<div>` with a click handler must have an ARIA role\nhttps://svelte.dev/e/a11y_no_static_element_interactions"
1788864240358 WARNING "src\\components\\ContextMenu.svelte" 65:3 "Visible, non-interactive elements with a click event must be accompanied by a keyboard event handler. Consider whether an interactive element such as `<button type=\"button\">` or `<a>` might be more appropriate\nhttps://svelte.dev/e/a11y_click_events_have_key_events"
1788864240358 WARNING "src\\components\\ContextMenu.svelte" 65:3 "`<div>` with a click or contextmenu handler must have an ARIA role\nhttps://svelte.dev/e/a11y_no_static_element_interactions"
1788864240358 WARNING "src\\components\\ContextMenu.svelte" 188:5 "Also define the standard property 'appearance' for compatibility"
1788864240358 WARNING "src\\App.svelte" 160:103 "Visible, non-interactive elements with a click event must be accompanied by a keyboard event handler. Consider whether an interactive element such as `<button type=\"button\">` or `<a>` might be more appropriate\nhttps://svelte.dev/e/a11y_click_events_have_key_events"
1788864240358 WARNING "src\\App.svelte" 160:103 "`<div>` with a click handler must have an ARIA role\nhttps://svelte.dev/e/a11y_no_static_element_interactions"
1788864240358 ERROR "src\\App.svelte" 16:3 "'StepWizard' is declared but its value is never read."
1788864240358 ERROR "src\\App.svelte" 47:9 "'showResults' is declared but its value is never read."
1788864240358 ERROR "src\\lib\\codes\\cirsoc101\\__tests__\\cirsoc101.test.ts" 2:10 "'formatCombinationLabel' is declared but its value is never read."
1788864240358 ERROR "src\\lib\\engine\\auto-verify.ts" 15:34 "'ElementForces3D' is declared but never used."
1788864240358 ERROR "src\\lib\\engine\\bar-marks.ts" 8:36 "'DetailingResult' is declared but never used."
1788864240358 ERROR "src\\lib\\engine\\bar-marks.ts" 156:11 "'legs' is declared but its value is never read."
1788864240358 ERROR "src\\lib\\engine\\reinforcement-svg.ts" 659:9 "'totalLength' is declared but its value is never read."
1788864240358 ERROR "src\\lib\\engine\\pro-report.ts" 858:11 "'hasCombos' is declared but its value is never read."
1788864240358 ERROR "src\\lib\\engine\\solver-worker.ts" 41:52 "Cannot find module '../wasm/dedaliano_engine.js' or its corresponding type declarations."
1788864240358 ERROR "src\\lib\\engine\\verification-service.ts" 33:10 "'classifyElement' is declared but its value is never read."
1788864240358 ERROR "src\\lib\\engine\\verification-service.ts" 34:59 "'SteelVerificationInput' is declared but its value is never read."
1788864240358 ERROR "src\\lib\\engine\\verification-service.ts" 36:15 "'CheckStatus' is declared but never used."
1788864240358 ERROR "src\\lib\\engine\\verification-service.ts" 222:29 "'DesignCodeId' is declared but its value is never read."
1788864240358 ERROR "src\\lib\\engine\\verification-service.ts" 324:19 "Property 'e' does not exist on type '{ id: number; name: string; fy?: number | undefined; }'."
1788864240358 ERROR "src\\lib\\engine\\verification-service.ts" 325:18 "Property 'a' does not exist on type '{ id: number; name: string; b?: number | undefined; h?: number | undefined; }'."
1788864240358 ERROR "src\\lib\\engine\\verification-service.ts" 326:19 "Property 'iz' does not exist on type '{ id: number; name: string; b?: number | undefined; h?: number | undefined; }'."
1788864240358 ERROR "src\\lib\\engine\\verification-service.ts" 327:19 "Property 'iy' does not exist on type '{ id: number; name: string; b?: number | undefined; h?: number | undefined; }'."
1788864240358 ERROR "src\\lib\\engine\\verification-service.ts" 327:33 "Property 'iz' does not exist on type '{ id: number; name: string; b?: number | undefined; h?: number | undefined; }'."
1788864240358 ERROR "src\\lib\\engine\\verification-service.ts" 333:18 "Property 'j' does not exist on type '{ id: number; name: string; b?: number | undefined; h?: number | undefined; }'."
1788864240358 ERROR "src\\lib\\engine\\__tests__\\boundary-adversarial.test.ts" 43:10 "'makeValid3D' is declared but its value is never read."
1788864240358 ERROR "src\\lib\\engine\\__tests__\\boundary-adversarial.test.ts" 74:10 "'trySolve3D' is declared but its value is never read."
1788864240358 ERROR "src\\lib\\engine\\__tests__\\combinations-legacy.ts" 45:58 "Property 'uy' does not exist on type 'Displacement'."
1788864240358 ERROR "src\\lib\\engine\\__tests__\\combinations-legacy.ts" 46:58 "Property 'rz' does not exist on type 'Displacement'."
1788864240358 ERROR "src\\lib\\engine\\__tests__\\combinations-legacy.ts" 50:50 "Property 'ry' does not exist on type 'Reaction'."
1788864240358 ERROR "src\\lib\\engine\\__tests__\\combinations-legacy.ts" 51:50 "Property 'mz' does not exist on type 'Reaction'."
1788864240358 ERROR "src\\lib\\engine\\__tests__\\combinations-legacy.ts" 70:12 "Type '{ nodeId: number; ux: number; uy: number; rz: number; }[]' is not assignable to type 'Displacement[]'.\n  Type '{ nodeId: number; ux: number; uy: number; rz: number; }' is missing the following properties from type 'Displacement': uz, ry"
1788864240358 ERROR "src\\lib\\engine\\__tests__\\combinations-legacy.ts" 70:27 "Type '{ nodeId: number; rx: number; ry: number; mz: number; }[]' is not assignable to type 'Reaction[]'.\n  Type '{ nodeId: number; rx: number; ry: number; mz: number; }' is missing the following properties from type 'Reaction': rz, my"
1788864240358 ERROR "src\\lib\\engine\\__tests__\\combinations-legacy.ts" 91:41 "Property 'uy' does not exist on type 'Displacement'."
1788864240358 ERROR "src\\lib\\engine\\__tests__\\combinations-legacy.ts" 91:73 "Property 'uy' does not exist on type '{ nodeId: number; ux: number; uz: number; ry: number; }'."
1788864240358 ERROR "src\\lib\\engine\\__tests__\\combinations-legacy.ts" 91:95 "Property 'uy' does not exist on type '{ nodeId: number; ux: number; uz: number; ry: number; }'."
1788864240358 ERROR "src\\lib\\engine\\__tests__\\combinations-legacy.ts" 91:121 "Property 'uy' does not exist on type 'Displacement'."
1788864240358 ERROR "src\\lib\\engine\\__tests__\\combinations-legacy.ts" 92:41 "Property 'rz' does not exist on type 'Displacement'."
1788864240358 ERROR "src\\lib\\engine\\__tests__\\combinations-legacy.ts" 92:73 "Property 'rz' does not exist on type '{ nodeId: number; ux: number; uz: number; ry: number; }'."
1788864240358 ERROR "src\\lib\\engine\\__tests__\\combinations-legacy.ts" 92:95 "Property 'rz' does not exist on type '{ nodeId: number; ux: number; uz: number; ry: number; }'."
1788864240358 ERROR "src\\lib\\engine\\__tests__\\combinations-legacy.ts" 92:121 "Property 'rz' does not exist on type 'Displacement'."
1788864240358 ERROR "src\\lib\\engine\\__tests__\\combinations-legacy.ts" 96:37 "Property 'ry' does not exist on type 'Reaction'."
1788864240358 ERROR "src\\lib\\engine\\__tests__\\combinations-legacy.ts" 96:65 "Property 'ry' does not exist on type '{ nodeId: number; rx: number; rz: number; my: number; }'."
1788864240358 ERROR "src\\lib\\engine\\__tests__\\combinations-legacy.ts" 96:83 "Property 'ry' does not exist on type '{ nodeId: number; rx: number; rz: number; my: number; }'."
1788864240358 ERROR "src\\lib\\engine\\__tests__\\combinations-legacy.ts" 96:105 "Property 'ry' does not exist on type 'Reaction'."
1788864240358 ERROR "src\\lib\\engine\\__tests__\\combinations-legacy.ts" 97:37 "Property 'mz' does not exist on type 'Reaction'."
1788864240358 ERROR "src\\lib\\engine\\__tests__\\combinations-legacy.ts" 97:65 "Property 'mz' does not exist on type '{ nodeId: number; rx: number; rz: number; my: number; }'."
1788864240358 ERROR "src\\lib\\engine\\__tests__\\combinations-legacy.ts" 97:83 "Property 'mz' does not exist on type '{ nodeId: number; rx: number; rz: number; my: number; }'."
1788864240358 ERROR "src\\lib\\engine\\__tests__\\combinations-legacy.ts" 97:105 "Property 'mz' does not exist on type 'Reaction'."
1788864240359 ERROR "src\\lib\\engine\\__tests__\\deformed-shape.test.ts" 55:12 "Type 'Map<number, { id: number; x: number; y: number; }>' is not assignable to type 'Map<number, SolverNode>'.\n  Property 'z' is missing in type '{ id: number; x: number; y: number; }' but required in type 'SolverNode'."
1788864240359 ERROR "src\\lib\\engine\\__tests__\\deformed-shape.test.ts" 118:58 "Object literal may only specify known properties, and 'fy' does not exist in type 'SolverNodalLoad | SolverDistributedLoad | SolverPointLoadOnElement | SolverThermalLoad'."
1788864240359 ERROR "src\\lib\\engine\\__tests__\\deformed-shape.test.ts" 149:49 "Argument of type 'Map<number, SolverNode>' is not assignable to parameter of type 'Map<number, { x: number; y: number; }>'.\n  Property 'y' is missing in type 'SolverNode' but required in type '{ x: number; y: number; }'."
1788864240359 ERROR "src\\lib\\engine\\__tests__\\deformed-shape.test.ts" 172:58 "Object literal may only specify known properties, and 'fy' does not exist in type 'SolverNodalLoad | SolverDistributedLoad | SolverPointLoadOnElement | SolverThermalLoad'."
1788864240359 ERROR "src\\lib\\engine\\__tests__\\deformed-shape.test.ts" 201:49 "Argument of type 'Map<number, SolverNode>' is not assignable to parameter of type 'Map<number, { x: number; y: number; }>'.\n  Property 'y' is missing in type 'SolverNode' but required in type '{ x: number; y: number; }'."
1788864240359 ERROR "src\\lib\\engine\\__tests__\\deformed-shape.test.ts" 226:49 "Argument of type 'Map<number, SolverNode>' is not assignable to parameter of type 'Map<number, { x: number; y: number; }>'.\n  Property 'y' is missing in type 'SolverNode' but required in type '{ x: number; y: number; }'."
1788864240359 ERROR "src\\lib\\engine\\__tests__\\deformed-shape.test.ts" 252:49 "Argument of type 'Map<number, SolverNode>' is not assignable to parameter of type 'Map<number, { x: number; y: number; }>'.\n  Property 'y' is missing in type 'SolverNode' but required in type '{ x: number; y: number; }'."
1788864240359 ERROR "src\\lib\\engine\\__tests__\\deformed-shape.test.ts" 275:58 "Object literal may only specify known properties, and 'fy' does not exist in type 'SolverNodalLoad | SolverDistributedLoad | SolverPointLoadOnElement | SolverThermalLoad'."
1788864240359 ERROR "src\\lib\\engine\\__tests__\\deformed-shape.test.ts" 280:50 "Argument of type 'Map<number, SolverNode>' is not assignable to parameter of type 'Map<number, { x: number; y: number; }>'.\n  Property 'y' is missing in type 'SolverNode' but required in type '{ x: number; y: number; }'."
1788864240359 ERROR "src\\lib\\engine\\__tests__\\deformed-shape.test.ts" 281:50 "Argument of type 'Map<number, SolverNode>' is not assignable to parameter of type 'Map<number, { x: number; y: number; }>'.\n  Property 'y' is missing in type 'SolverNode' but required in type '{ x: number; y: number; }'."
1788864240359 ERROR "src\\lib\\engine\\__tests__\\deformed-shape.test.ts" 319:50 "Argument of type 'Map<number, SolverNode>' is not assignable to parameter of type 'Map<number, { x: number; y: number; }>'.\n  Property 'y' is missing in type 'SolverNode' but required in type '{ x: number; y: number; }'."
1788864240359 ERROR "src\\lib\\engine\\__tests__\\deformed-shape.test.ts" 320:50 "Argument of type 'Map<number, SolverNode>' is not assignable to parameter of type 'Map<number, { x: number; y: number; }>'.\n  Property 'y' is missing in type 'SolverNode' but required in type '{ x: number; y: number; }'."
1788864240359 ERROR "src\\lib\\engine\\__tests__\\deformed-shape.test.ts" 361:37 "Argument of type 'Map<number, SolverNode>' is not assignable to parameter of type 'Map<number, { x: number; y: number; }>'.\n  Property 'y' is missing in type 'SolverNode' but required in type '{ x: number; y: number; }'."
1788864240359 ERROR "src\\lib\\engine\\__tests__\\deformed-shape.test.ts" 394:49 "Argument of type 'Map<number, SolverNode>' is not assignable to parameter of type 'Map<number, { x: number; y: number; }>'.\n  Property 'y' is missing in type 'SolverNode' but required in type '{ x: number; y: number; }'."
1788864240359 ERROR "src\\lib\\engine\\__tests__\\deformed-shape.test.ts" 411:49 "Argument of type 'Map<number, SolverNode>' is not assignable to parameter of type 'Map<number, { x: number; y: number; }>'.\n  Property 'y' is missing in type 'SolverNode' but required in type '{ x: number; y: number; }'."
1788864240359 ERROR "src\\lib\\engine\\__tests__\\deformed-shape.test.ts" 439:50 "Argument of type 'Map<number, SolverNode>' is not assignable to parameter of type 'Map<number, { x: number; y: number; }>'.\n  Property 'y' is missing in type 'SolverNode' but required in type '{ x: number; y: number; }'."
1788864240359 ERROR "src\\lib\\engine\\__tests__\\deformed-shape.test.ts" 440:50 "Argument of type 'Map<number, SolverNode>' is not assignable to parameter of type 'Map<number, { x: number; y: number; }>'.\n  Property 'y' is missing in type 'SolverNode' but required in type '{ x: number; y: number; }'."
1788864240359 ERROR "src\\lib\\engine\\__tests__\\deformed-shape.test.ts" 469:58 "Object literal may only specify known properties, and 'fy' does not exist in type 'SolverNodalLoad | SolverDistributedLoad | SolverPointLoadOnElement | SolverThermalLoad'."
1788864240359 ERROR "src\\lib\\engine\\__tests__\\deformed-shape.test.ts" 484:49 "Argument of type 'Map<number, SolverNode>' is not assignable to parameter of type 'Map<number, { x: number; y: number; }>'.\n  Property 'y' is missing in type 'SolverNode' but required in type '{ x: number; y: number; }'."
1788864240359 ERROR "src\\lib\\engine\\__tests__\\deformed-shape.test.ts" 506:49 "Argument of type 'Map<number, SolverNode>' is not assignable to parameter of type 'Map<number, { x: number; y: number; }>'.\n  Property 'y' is missing in type 'SolverNode' but required in type '{ x: number; y: number; }'."
1788864240359 ERROR "src\\lib\\engine\\__tests__\\deformed-shape.test.ts" 801:60 "Object literal may only specify known properties, and 'fy' does not exist in type 'SolverNodalLoad | SolverDistributedLoad | SolverPointLoadOnElement | SolverThermalLoad'."
1788864240359 ERROR "src\\lib\\engine\\__tests__\\deformed-shape.test.ts" 806:51 "Argument of type 'Map<number, SolverNode>' is not assignable to parameter of type 'Map<number, { x: number; y: number; }>'.\n  Property 'y' is missing in type 'SolverNode' but required in type '{ x: number; y: number; }'."
1788864240359 ERROR "src\\lib\\engine\\__tests__\\deformed-shape.test.ts" 835:59 "Object literal may only specify known properties, and 'fy' does not exist in type 'SolverNodalLoad | SolverDistributedLoad | SolverPointLoadOnElement | SolverThermalLoad'."
1788864240359 ERROR "src\\lib\\engine\\__tests__\\deformed-shape.test.ts" 843:49 "Argument of type 'Map<number, SolverNode>' is not assignable to parameter of type 'Map<number, { x: number; y: number; }>'.\n  Property 'y' is missing in type 'SolverNode' but required in type '{ x: number; y: number; }'."
1788864240359 ERROR "src\\lib\\engine\\__tests__\\deformed-shape.test.ts" 863:58 "Object literal may only specify known properties, and 'fy' does not exist in type 'SolverNodalLoad | SolverDistributedLoad | SolverPointLoadOnElement | SolverThermalLoad'."
1788864240359 ERROR "src\\lib\\engine\\__tests__\\deformed-shape.test.ts" 866:49 "Argument of type 'Map<number, SolverNode>' is not assignable to parameter of type 'Map<number, { x: number; y: number; }>'.\n  Property 'y' is missing in type 'SolverNode' but required in type '{ x: number; y: number; }'."
1788864240359 ERROR "src\\lib\\engine\\__tests__\\deformed-shape.test.ts" 887:49 "Argument of type 'Map<number, SolverNode>' is not assignable to parameter of type 'Map<number, { x: number; y: number; }>'.\n  Property 'y' is missing in type 'SolverNode' but required in type '{ x: number; y: number; }'."
1788864240359 ERROR "src\\lib\\engine\\__tests__\\deformed-shape.test.ts" 916:58 "Object literal may only specify known properties, and 'fy' does not exist in type 'SolverNodalLoad | SolverDistributedLoad | SolverPointLoadOnElement | SolverThermalLoad'."
1788864240359 ERROR "src\\lib\\engine\\__tests__\\deformed-shape.test.ts" 930:18 "Property 'y' does not exist on type 'SolverNode'."
1788864240359 ERROR "src\\lib\\engine\\__tests__\\deformed-shape.test.ts" 930:30 "Property 'y' does not exist on type 'SolverNode'."
1788864240359 ERROR "src\\lib\\engine\\__tests__\\deformed-shape.test.ts" 968:50 "Argument of type 'Map<number, SolverNode>' is not assignable to parameter of type 'Map<number, { x: number; y: number; }>'.\n  Property 'y' is missing in type 'SolverNode' but required in type '{ x: number; y: number; }'."
1788864240359 ERROR "src\\lib\\engine\\__tests__\\deformed-shape.test.ts" 969:50 "Argument of type 'Map<number, SolverNode>' is not assignable to parameter of type 'Map<number, { x: number; y: number; }>'.\n  Property 'y' is missing in type 'SolverNode' but required in type '{ x: number; y: number; }'."
1788864240359 ERROR "src\\lib\\engine\\__tests__\\deformed-shape.test.ts" 970:50 "Argument of type 'Map<number, SolverNode>' is not assignable to parameter of type 'Map<number, { x: number; y: number; }>'.\n  Property 'y' is missing in type 'SolverNode' but required in type '{ x: number; y: number; }'."
1788864240359 ERROR "src\\lib\\engine\\__tests__\\deformed-shape.test.ts" 1004:59 "Object literal may only specify known properties, and 'fy' does not exist in type 'SolverNodalLoad | SolverDistributedLoad | SolverPointLoadOnElement | SolverThermalLoad'."
1788864240359 ERROR "src\\lib\\engine\\__tests__\\deformed-shape.test.ts" 1008:50 "Argument of type 'Map<number, SolverNode>' is not assignable to parameter of type 'Map<number, { x: number; y: number; }>'.\n  Property 'y' is missing in type 'SolverNode' but required in type '{ x: number; y: number; }'."
1788864240359 ERROR "src\\lib\\engine\\__tests__\\deformed-shape.test.ts" 1009:50 "Argument of type 'Map<number, SolverNode>' is not assignable to parameter of type 'Map<number, { x: number; y: number; }>'.\n  Property 'y' is missing in type 'SolverNode' but required in type '{ x: number; y: number; }'."
1788864240359 ERROR "src\\lib\\engine\\__tests__\\deformed-shape.test.ts" 1010:50 "Argument of type 'Map<number, SolverNode>' is not assignable to parameter of type 'Map<number, { x: number; y: number; }>'.\n  Property 'y' is missing in type 'SolverNode' but required in type '{ x: number; y: number; }'."
1788864240359 ERROR "src\\lib\\engine\\__tests__\\design-check-results.test.ts" 13:8 "'CheckStatus' is declared but its value is never read."
1788864240359 ERROR "src\\lib\\engine\\__tests__\\diff-fuzz-helpers.ts" 97:11 "Object literal may only specify known properties, and 'fy' does not exist in type 'SolverNodalLoad | SolverDistributedLoad | SolverPointLoadOnElement | SolverThermalLoad'."
1788864240359 ERROR "src\\lib\\engine\\__tests__\\diff-fuzz-helpers.ts" 115:12 "Type 'Map<number, { id: number; x: number; y: number; }>' is not assignable to type 'Map<number, SolverNode>'.\n  Property 'z' is missing in type '{ id: number; x: number; y: number; }' but required in type 'SolverNode'."
1788864240359 ERROR "src\\lib\\engine\\__tests__\\diff-fuzz-helpers.ts" 210:9 "'nElems' is declared but its value is never read."
1788864240359 ERROR "src\\lib\\engine\\__tests__\\inclined-supports.test.ts" 33:5 "Type 'Map<number, { id: number; x: number; y: number; }>' is not assignable to type 'Map<number, SolverNode>'.\n  Property 'z' is missing in type '{ id: number; x: number; y: number; }' but required in type 'SolverNode'."
1788864240359 ERROR "src\\lib\\engine\\__tests__\\inclined-supports.test.ts" 52:47 "Object literal may only specify known properties, and 'fy' does not exist in type 'SolverNodalLoad | SolverDistributedLoad | SolverPointLoadOnElement | SolverThermalLoad'."
1788864240359 ERROR "src\\lib\\engine\\__tests__\\inclined-supports.test.ts" 130:29 "Type '\"rollerY\"' is not assignable to type 'SupportType'. Did you mean '\"rollerX\"'?"
1788864240359 ERROR "src\\lib\\engine\\__tests__\\inclined-supports.test.ts" 449:46 "Object literal may only specify known properties, and 'dy' does not exist in type 'SolverSupport'."
1788864240359 ERROR "src\\lib\\engine\\__tests__\\inclined-supports.test.ts" 475:80 "Object literal may only specify known properties, and 'dy' does not exist in type 'SolverSupport'."
1788864240359 ERROR "src\\lib\\engine\\__tests__\\kinematic-analysis.test.ts" 53:12 "Type 'Map<number, { id: number; x: number; y: number; }>' is not assignable to type 'Map<number, SolverNode>'.\n  Property 'z' is missing in type '{ id: number; x: number; y: number; }' but required in type 'SolverNode'."
1788864240359 ERROR "src\\lib\\engine\\__tests__\\kinematic-analysis.test.ts" 548:58 "Object literal may only specify known properties, and 'fy' does not exist in type 'SolverNodalLoad | SolverDistributedLoad | SolverPointLoadOnElement | SolverThermalLoad'."
1788864240359 ERROR "src\\lib\\engine\\__tests__\\kinematic-analysis.test.ts" 560:59 "Object literal may only specify known properties, and 'fy' does not exist in type 'SolverNodalLoad | SolverDistributedLoad | SolverPointLoadOnElement | SolverThermalLoad'."
1788864240359 ERROR "src\\lib\\engine\\__tests__\\kinematic-analysis.test.ts" 580:65 "Object literal may only specify known properties, and 'fy' does not exist in type 'SolverNodalLoad | SolverDistributedLoad | SolverPointLoadOnElement | SolverThermalLoad'."
1788864240359 ERROR "src\\lib\\engine\\__tests__\\kinematic-analysis.test.ts" 644:53 "Object literal may only specify known properties, and 'fy' does not exist in type 'SolverNodalLoad | SolverDistributedLoad | SolverPointLoadOnElement | SolverThermalLoad'."
1788864240359 ERROR "src\\lib\\engine\\__tests__\\kinematic-analysis.test.ts" 645:53 "Object literal may only specify known properties, and 'fy' does not exist in type 'SolverNodalLoad | SolverDistributedLoad | SolverPointLoadOnElement | SolverThermalLoad'."
1788864240359 ERROR "src\\lib\\engine\\__tests__\\kinematic-report.test.ts" 40:12 "Type 'Map<number, { id: number; x: number; y: number; }>' is not assignable to type 'Map<number, SolverNode>'.\n  Property 'z' is missing in type '{ id: number; x: number; y: number; }' but required in type 'SolverNode'."
1788864240359 ERROR "src\\lib\\engine\\__tests__\\load-cases.test.ts" 27:5 "Type 'Map<number, { id: number; x: number; y: number; }>' is not assignable to type 'Map<number, SolverNode>'.\n  Property 'z' is missing in type '{ id: number; x: number; y: number; }' but required in type 'SolverNode'."
1788864240359 ERROR "src\\lib\\engine\\__tests__\\load-cases.test.ts" 205:59 "Object literal may only specify known properties, and 'fy' does not exist in type 'SolverNodalLoad | SolverDistributedLoad | SolverPointLoadOnElement | SolverThermalLoad'."
1788864240359 ERROR "src\\lib\\engine\\__tests__\\load-decomposition.test.ts" 43:12 "Type 'Map<number, { id: number; x: number; y: number; }>' is not assignable to type 'Map<number, SolverNode>'.\n  Property 'z' is missing in type '{ id: number; x: number; y: number; }' but required in type 'SolverNode'."
1788864240359 ERROR "src\\lib\\engine\\__tests__\\load-decomposition.test.ts" 88:69 "Object literal may only specify known properties, and 'fy' does not exist in type 'SolverNodalLoad | SolverDistributedLoad | SolverPointLoadOnElement | SolverThermalLoad'."
1788864240359 ERROR "src\\lib\\engine\\__tests__\\load-decomposition.test.ts" 136:69 "Object literal may only specify known properties, and 'fy' does not exist in type 'SolverNodalLoad | SolverDistributedLoad | SolverPointLoadOnElement | SolverThermalLoad'."
1788864240359 ERROR "src\\lib\\engine\\__tests__\\load-decomposition.test.ts" 697:62 "Object literal may only specify known properties, and 'fy' does not exist in type 'SolverNodalLoad | SolverDistributedLoad | SolverPointLoadOnElement | SolverThermalLoad'."
1788864240359 ERROR "src\\lib\\engine\\__tests__\\node-equilibrium.test.ts" 60:12 "Type 'Map<number, { id: number; x: number; y: number; }>' is not assignable to type 'Map<number, SolverNode>'.\n  Property 'z' is missing in type '{ id: number; x: number; y: number; }' but required in type 'SolverNode'."
1788864240359 ERROR "src\\lib\\engine\\__tests__\\node-equilibrium.test.ts" 121:19 "Property 'y' does not exist on type 'SolverNode'."
1788864240359 ERROR "src\\lib\\engine\\__tests__\\node-equilibrium.test.ts" 121:26 "Property 'y' does not exist on type 'SolverNode'."
1788864240359 ERROR "src\\lib\\engine\\__tests__\\node-equilibrium.test.ts" 244:59 "Object literal may only specify known properties, and 'fy' does not exist in type 'SolverNodalLoad | SolverDistributedLoad | SolverPointLoadOnElement | SolverThermalLoad'."
1788864240359 ERROR "src\\lib\\engine\\__tests__\\node-equilibrium.test.ts" 409:52 "Object literal may only specify known properties, and 'fy' does not exist in type 'SolverNodalLoad | SolverDistributedLoad | SolverPointLoadOnElement | SolverThermalLoad'."
1788864240359 ERROR "src\\lib\\engine\\__tests__\\node-equilibrium.test.ts" 410:53 "Object literal may only specify known properties, and 'fy' does not exist in type 'SolverNodalLoad | SolverDistributedLoad | SolverPointLoadOnElement | SolverThermalLoad'."
1788864240359 ERROR "src\\lib\\engine\\__tests__\\partial-distributed.test.ts" 41:12 "Type 'Map<number, { id: number; x: number; y: number; }>' is not assignable to type 'Map<number, SolverNode>'.\n  Property 'z' is missing in type '{ id: number; x: number; y: number; }' but required in type 'SolverNode'."
1788864240359 ERROR "src\\lib\\engine\\__tests__\\solver-boundary-robustness.test.ts" 78:10 "'truss3D' is declared but its value is never read."
1788864240359 ERROR "src\\lib\\engine\\__tests__\\solver-boundary-robustness.test.ts" 346:23 "'error' is declared but its value is never read."
1788864240359 ERROR "src\\lib\\engine\\__tests__\\solver-boundary-robustness.test.ts" 350:15 "'vals' is declared but its value is never read."
1788864240359 ERROR "src\\lib\\engine\\__tests__\\solver-boundary-robustness.test.ts" 445:23 "'error' is declared but its value is never read."
1788864240359 ERROR "src\\lib\\engine\\__tests__\\solver-boundary-robustness.test.ts" 469:15 "'maxDisp' is declared but its value is never read."
1788864240359 ERROR "src\\lib\\engine\\__tests__\\solver-boundary-robustness.test.ts" 522:23 "'error' is declared but its value is never read."
1788864240359 ERROR "src\\lib\\engine\\__tests__\\solver-mechanism.test.ts" 40:12 "Type 'Map<number, { id: number; x: number; y: number; }>' is not assignable to type 'Map<number, SolverNode>'.\n  Property 'z' is missing in type '{ id: number; x: number; y: number; }' but required in type 'SolverNode'."
1788864240359 ERROR "src\\lib\\engine\\__tests__\\solver-mechanism.test.ts" 83:58 "Object literal may only specify known properties, and 'fy' does not exist in type 'SolverNodalLoad | SolverDistributedLoad | SolverPointLoadOnElement | SolverThermalLoad'."
1788864240359 ERROR "src\\lib\\engine\\__tests__\\solver-mechanism.test.ts" 100:59 "Object literal may only specify known properties, and 'fy' does not exist in type 'SolverNodalLoad | SolverDistributedLoad | SolverPointLoadOnElement | SolverThermalLoad'."
1788864240359 ERROR "src\\lib\\engine\\__tests__\\solver-mechanism.test.ts" 117:59 "Object literal may only specify known properties, and 'fy' does not exist in type 'SolverNodalLoad | SolverDistributedLoad | SolverPointLoadOnElement | SolverThermalLoad'."
1788864240359 ERROR "src\\lib\\engine\\__tests__\\solver-mechanism.test.ts" 133:58 "Object literal may only specify known properties, and 'fy' does not exist in type 'SolverNodalLoad | SolverDistributedLoad | SolverPointLoadOnElement | SolverThermalLoad'."
1788864240359 ERROR "src\\lib\\engine\\__tests__\\solver-mechanism.test.ts" 146:58 "Object literal may only specify known properties, and 'fy' does not exist in type 'SolverNodalLoad | SolverDistributedLoad | SolverPointLoadOnElement | SolverThermalLoad'."
1788864240359 ERROR "src\\lib\\engine\\__tests__\\solver-mechanism.test.ts" 157:59 "Object literal may only specify known properties, and 'fy' does not exist in type 'SolverNodalLoad | SolverDistributedLoad | SolverPointLoadOnElement | SolverThermalLoad'."
1788864240359 ERROR "src\\lib\\engine\\__tests__\\solver-mechanism.test.ts" 173:59 "Object literal may only specify known properties, and 'fy' does not exist in type 'SolverNodalLoad | SolverDistributedLoad | SolverPointLoadOnElement | SolverThermalLoad'."
1788864240359 ERROR "src\\lib\\engine\\__tests__\\solver-mechanism.test.ts" 194:58 "Object literal may only specify known properties, and 'fy' does not exist in type 'SolverNodalLoad | SolverDistributedLoad | SolverPointLoadOnElement | SolverThermalLoad'."
1788864240359 ERROR "src\\lib\\engine\\__tests__\\solver-mechanism.test.ts" 217:58 "Object literal may only specify known properties, and 'fy' does not exist in type 'SolverNodalLoad | SolverDistributedLoad | SolverPointLoadOnElement | SolverThermalLoad'."
1788864240359 ERROR "src\\lib\\engine\\__tests__\\solver-mechanism.test.ts" 237:59 "Object literal may only specify known properties, and 'fy' does not exist in type 'SolverNodalLoad | SolverDistributedLoad | SolverPointLoadOnElement | SolverThermalLoad'."
1788864240359 ERROR "src\\lib\\engine\\__tests__\\solver-mechanism.test.ts" 276:58 "Object literal may only specify known properties, and 'fy' does not exist in type 'SolverNodalLoad | SolverDistributedLoad | SolverPointLoadOnElement | SolverThermalLoad'."
1788864240359 ERROR "src\\lib\\engine\\__tests__\\solver-mechanism.test.ts" 297:58 "Object literal may only specify known properties, and 'fy' does not exist in type 'SolverNodalLoad | SolverDistributedLoad | SolverPointLoadOnElement | SolverThermalLoad'."
1788864240359 ERROR "src\\lib\\engine\\__tests__\\solver-mechanism.test.ts" 321:58 "Object literal may only specify known properties, and 'fy' does not exist in type 'SolverNodalLoad | SolverDistributedLoad | SolverPointLoadOnElement | SolverThermalLoad'."
1788864240359 ERROR "src\\lib\\engine\\__tests__\\solver-mechanism.test.ts" 340:58 "Object literal may only specify known properties, and 'fy' does not exist in type 'SolverNodalLoad | SolverDistributedLoad | SolverPointLoadOnElement | SolverThermalLoad'."
1788864240359 ERROR "src\\lib\\engine\\__tests__\\solver-mechanism.test.ts" 359:58 "Object literal may only specify known properties, and 'fy' does not exist in type 'SolverNodalLoad | SolverDistributedLoad | SolverPointLoadOnElement | SolverThermalLoad'."
1788864240359 ERROR "src\\lib\\engine\\__tests__\\solver-mechanism.test.ts" 405:65 "Object literal may only specify known properties, and 'fy' does not exist in type 'SolverNodalLoad | SolverDistributedLoad | SolverPointLoadOnElement | SolverThermalLoad'."
1788864240359 ERROR "src\\lib\\engine\\__tests__\\solver-mechanism.test.ts" 434:58 "Object literal may only specify known properties, and 'fy' does not exist in type 'SolverNodalLoad | SolverDistributedLoad | SolverPointLoadOnElement | SolverThermalLoad'."
1788864240359 ERROR "src\\lib\\engine\\__tests__\\solver-mechanism.test.ts" 452:59 "Object literal may only specify known properties, and 'fy' does not exist in type 'SolverNodalLoad | SolverDistributedLoad | SolverPointLoadOnElement | SolverThermalLoad'."
1788864240359 ERROR "src\\lib\\engine\\__tests__\\solver-mechanism.test.ts" 513:41 "Property 'y' does not exist on type 'SolverNode'."
1788864240359 ERROR "src\\lib\\engine\\__tests__\\solver-mechanism.test.ts" 513:48 "Property 'y' does not exist on type 'SolverNode'."
1788864240359 ERROR "src\\lib\\engine\\__tests__\\solver-mechanism.test.ts" 545:53 "Object literal may only specify known properties, and 'fy' does not exist in type 'SolverNodalLoad | SolverDistributedLoad | SolverPointLoadOnElement | SolverThermalLoad'."
1788864240359 ERROR "src\\lib\\engine\\__tests__\\solver-mechanism.test.ts" 546:53 "Object literal may only specify known properties, and 'fy' does not exist in type 'SolverNodalLoad | SolverDistributedLoad | SolverPointLoadOnElement | SolverThermalLoad'."
1788864240359 ERROR "src\\lib\\engine\\__tests__\\solver-mechanism.test.ts" 565:59 "Object literal may only specify known properties, and 'fy' does not exist in type 'SolverNodalLoad | SolverDistributedLoad | SolverPointLoadOnElement | SolverThermalLoad'."
1788864240359 ERROR "src\\lib\\engine\\__tests__\\solver-phase1.test.ts" 48:12 "Type 'Map<number, { id: number; x: number; y: number; }>' is not assignable to type 'Map<number, SolverNode>'.\n  Property 'z' is missing in type '{ id: number; x: number; y: number; }' but required in type 'SolverNode'."
1788864240359 ERROR "src\\lib\\engine\\__tests__\\solver-phase1.test.ts" 90:42 "Property 'y' does not exist on type 'SolverNode'."
1788864240359 ERROR "src\\lib\\engine\\__tests__\\solver-phase1.test.ts" 97:27 "Property 'fy' does not exist on type 'SolverNodalLoad'."
1788864240359 ERROR "src\\lib\\engine\\__tests__\\solver-phase1.test.ts" 97:31 "Property 'mz' does not exist on type 'SolverNodalLoad'."
1788864240359 ERROR "src\\lib\\engine\\__tests__\\solver-phase1.test.ts" 101:40 "Property 'y' does not exist on type 'SolverNode'."
1788864240359 ERROR "src\\lib\\engine\\__tests__\\solver-phase1.test.ts" 107:39 "Property 'y' does not exist on type 'SolverNode'."
1788864240359 ERROR "src\\lib\\engine\\__tests__\\solver-phase1.test.ts" 107:46 "Property 'y' does not exist on type 'SolverNode'."
1788864240359 ERROR "src\\lib\\engine\\__tests__\\solver-phase1.test.ts" 122:21 "Property 'y' does not exist on type 'SolverNode'."
1788864240359 ERROR "src\\lib\\engine\\__tests__\\solver-phase1.test.ts" 129:39 "Property 'y' does not exist on type 'SolverNode'."
1788864240359 ERROR "src\\lib\\engine\\__tests__\\solver-phase1.test.ts" 129:46 "Property 'y' does not exist on type 'SolverNode'."
1788864240359 ERROR "src\\lib\\engine\\__tests__\\solver-phase1.test.ts" 139:21 "Property 'y' does not exist on type 'SolverNode'."
1788864240359 ERROR "src\\lib\\engine\\__tests__\\solver-phase1.test.ts" 187:39 "Property 'y' does not exist on type 'SolverNode'."
1788864240359 ERROR "src\\lib\\engine\\__tests__\\solver-phase1.test.ts" 187:46 "Property 'y' does not exist on type 'SolverNode'."
1788864240359 ERROR "src\\lib\\engine\\__tests__\\solver-phase1.test.ts" 212:28 "Property 'fy' does not exist on type 'SolverNodalLoad'."
1788864240359 ERROR "src\\lib\\engine\\__tests__\\solver-phase1.test.ts" 255:58 "Object literal may only specify known properties, and 'fy' does not exist in type 'SolverNodalLoad | SolverDistributedLoad | SolverPointLoadOnElement | SolverThermalLoad'."
1788864240359 ERROR "src\\lib\\engine\\__tests__\\solver-phase1.test.ts" 273:53 "Object literal may only specify known properties, and 'fy' does not exist in type 'SolverNodalLoad | SolverDistributedLoad | SolverPointLoadOnElement | SolverThermalLoad'."
1788864240359 ERROR "src\\lib\\engine\\__tests__\\solver-phase1.test.ts" 295:52 "Object literal may only specify known properties, and 'fy' does not exist in type 'SolverNodalLoad | SolverDistributedLoad | SolverPointLoadOnElement | SolverThermalLoad'."
1788864240359 ERROR "src\\lib\\engine\\__tests__\\solver-phase1.test.ts" 296:52 "Object literal may only specify known properties, and 'fy' does not exist in type 'SolverNodalLoad | SolverDistributedLoad | SolverPointLoadOnElement | SolverThermalLoad'."
1788864240359 ERROR "src\\lib\\engine\\__tests__\\solver-phase1.test.ts" 297:52 "Object literal may only specify known properties, and 'fy' does not exist in type 'SolverNodalLoad | SolverDistributedLoad | SolverPointLoadOnElement | SolverThermalLoad'."
1788864240359 ERROR "src\\lib\\engine\\__tests__\\solver-phase1.test.ts" 414:51 "Object literal may only specify known properties, and 'fy' does not exist in type 'SolverNodalLoad | SolverDistributedLoad | SolverPointLoadOnElement | SolverThermalLoad'."
1788864240359 ERROR "src\\lib\\engine\\__tests__\\solver-phase1.test.ts" 446:50 "Object literal may only specify known properties, and 'fy' does not exist in type 'SolverNodalLoad | SolverDistributedLoad | SolverPointLoadOnElement | SolverThermalLoad'."
1788864240359 ERROR "src\\lib\\engine\\__tests__\\solver-phase1.test.ts" 447:50 "Object literal may only specify known properties, and 'fy' does not exist in type 'SolverNodalLoad | SolverDistributedLoad | SolverPointLoadOnElement | SolverThermalLoad'."
1788864240359 ERROR "src\\lib\\engine\\__tests__\\solver-phase1.test.ts" 448:50 "Object literal may only specify known properties, and 'fy' does not exist in type 'SolverNodalLoad | SolverDistributedLoad | SolverPointLoadOnElement | SolverThermalLoad'."
1788864240359 ERROR "src\\lib\\engine\\__tests__\\solver-phase1.test.ts" 466:50 "Object literal may only specify known properties, and 'fy' does not exist in type 'SolverNodalLoad | SolverDistributedLoad | SolverPointLoadOnElement | SolverThermalLoad'."
1788864240359 ERROR "src\\lib\\engine\\__tests__\\solver-phase1.test.ts" 467:50 "Object literal may only specify known properties, and 'fy' does not exist in type 'SolverNodalLoad | SolverDistributedLoad | SolverPointLoadOnElement | SolverThermalLoad'."
1788864240359 ERROR "src\\lib\\engine\\__tests__\\solver-phase1.test.ts" 495:51 "Object literal may only specify known properties, and 'fy' does not exist in type 'SolverNodalLoad | SolverDistributedLoad | SolverPointLoadOnElement | SolverThermalLoad'."
1788864240359 ERROR "src\\lib\\engine\\__tests__\\solver-phase1.test.ts" 530:56 "Object literal may only specify known properties, and 'fy' does not exist in type 'SolverNodalLoad | SolverDistributedLoad | SolverPointLoadOnElement | SolverThermalLoad'."
1788864240359 ERROR "src\\lib\\engine\\__tests__\\solver-phase1.test.ts" 557:3 "Type '() => { nodes: Map<number, SolverNode>; materials: Map<number, { id: number; e: number; nu: number; }>; sections: Map<number, { id: number; a: number; iz: number; }>; elements: Map<...>; supports: Map<...>; loads: ({ ...; } | { ...; })[]; }' is not assignable to type '() => SolverInput'.\n  Call signature return types '{ nodes: Map<number, SolverNode>; materials: Map<number, { id: number; e: number; nu: number; }>; sections: Map<number, { id: number; a: number; iz: number; }>; elements: Map<...>; supports: Map<...>; loads: ({ ...; } | { ...; })[]; }' and 'SolverInput' are incompatible.\n    The types of 'loads' are incompatible between these types.\n      Type '({ type: \"distributed\"; data: { elementId: number; qI: number; qJ: number; nodeId?: undefined; fx?: undefined; fy?: undefined; mz?: undefined; }; } | { type: \"nodal\"; data: { nodeId: number; fx: number; fy: number; mz: number; elementId?: undefined; qI?: undefined; qJ?: undefined; }; })[]' is not assignable to type 'SolverLoad[]'.\n        Type '{ type: \"distributed\"; data: { elementId: number; qI: number; qJ: number; nodeId?: undefined; fx?: undefined; fy?: undefined; mz?: undefined; }; } | { type: \"nodal\"; data: { nodeId: number; fx: number; fy: number; mz: number; elementId?: undefined; qI?: undefined; qJ?: undefined; }; }' is not assignable to type 'SolverLoad'.\n          Type '{ type: \"nodal\"; data: { nodeId: number; fx: number; fy: number; mz: number; elementId?: undefined; qI?: undefined; qJ?: undefined; }; }' is not assignable to type 'SolverLoad'.\n            Type '{ type: \"nodal\"; data: { nodeId: number; fx: number; fy: number; mz: number; elementId?: undefined; qI?: undefined; qJ?: undefined; }; }' is not assignable to type '{ type: \"nodal\"; data: SolverNodalLoad; }'.\n              Types of property 'data' are incompatible.\n                Type '{ nodeId: number; fx: number; fy: number; mz: number; elementId?: undefined; qI?: undefined; qJ?: undefined; }' is missing the following properties from type 'SolverNodalLoad': fz, my"
1788864240359 ERROR "src\\lib\\engine\\__tests__\\solver-phase1.test.ts" 559:26 "No overload matches this call.\n  Overload 1 of 4, '(iterable?: Iterable<readonly [number, SolverNode]> | null | undefined): Map<number, SolverNode>', gave the following error.\n    Argument of type '[number, { id: number; x: number; y: number; }][]' is not assignable to parameter of type 'Iterable<readonly [number, SolverNode]>'.\n      The types returned by '[Symbol.iterator]().next(...)' are incompatible between these types.\n        Type 'IteratorResult<[number, { id: number; x: number; y: number; }], undefined>' is not assignable to type 'IteratorResult<readonly [number, SolverNode], any>'.\n          Type 'IteratorYieldResult<[number, { id: number; x: number; y: number; }]>' is not assignable to type 'IteratorResult<readonly [number, SolverNode], any>'.\n            Type 'IteratorYieldResult<[number, { id: number; x: number; y: number; }]>' is not assignable to type 'IteratorYieldResult<readonly [number, SolverNode]>'.\n              Type '[number, { id: number; x: number; y: number; }]' is not assignable to type 'readonly [number, SolverNode]'.\n                Type at position 1 in source is not compatible with type at position 1 in target.\n                  Object literal may only specify known properties, and 'y' does not exist in type 'SolverNode'."
1788864240359 ERROR "src\\lib\\engine\\__tests__\\solver-phase1.test.ts" 607:50 "Object literal may only specify known properties, and 'fy' does not exist in type 'SolverNodalLoad | SolverDistributedLoad | SolverPointLoadOnElement | SolverThermalLoad'."
1788864240359 ERROR "src\\lib\\engine\\__tests__\\solver-phase1.test.ts" 608:50 "Object literal may only specify known properties, and 'fy' does not exist in type 'SolverNodalLoad | SolverDistributedLoad | SolverPointLoadOnElement | SolverThermalLoad'."
1788864240359 ERROR "src\\lib\\engine\\__tests__\\solver-phase1.test.ts" 609:50 "Object literal may only specify known properties, and 'fy' does not exist in type 'SolverNodalLoad | SolverDistributedLoad | SolverPointLoadOnElement | SolverThermalLoad'."
1788864240359 ERROR "src\\lib\\engine\\__tests__\\solver-phase1.test.ts" 610:50 "Object literal may only specify known properties, and 'fy' does not exist in type 'SolverNodalLoad | SolverDistributedLoad | SolverPointLoadOnElement | SolverThermalLoad'."
1788864240359 ERROR "src\\lib\\engine\\__tests__\\solver-phase1.test.ts" 627:50 "Object literal may only specify known properties, and 'fy' does not exist in type 'SolverNodalLoad | SolverDistributedLoad | SolverPointLoadOnElement | SolverThermalLoad'."
1788864240359 ERROR "src\\lib\\engine\\__tests__\\solver-phase1.test.ts" 628:50 "Object literal may only specify known properties, and 'fy' does not exist in type 'SolverNodalLoad | SolverDistributedLoad | SolverPointLoadOnElement | SolverThermalLoad'."
1788864240359 ERROR "src\\lib\\engine\\__tests__\\solver-phase1.test.ts" 629:50 "Object literal may only specify known properties, and 'fy' does not exist in type 'SolverNodalLoad | SolverDistributedLoad | SolverPointLoadOnElement | SolverThermalLoad'."
1788864240359 ERROR "src\\lib\\engine\\__tests__\\solver-phase1.test.ts" 648:65 "Object literal may only specify known properties, and 'fy' does not exist in type 'SolverNodalLoad | SolverDistributedLoad | SolverPointLoadOnElement | SolverThermalLoad'."
1788864240359 ERROR "src\\lib\\engine\\__tests__\\solver-phase1.test.ts" 658:3 "Type '() => { nodes: Map<number, SolverNode>; materials: Map<number, { id: number; e: number; nu: number; }>; sections: Map<number, { id: number; a: number; iz: number; }>; elements: Map<...>; supports: Map<...>; loads: ({ ...; } | { ...; })[]; }' is not assignable to type '() => SolverInput'.\n  Call signature return types '{ nodes: Map<number, SolverNode>; materials: Map<number, { id: number; e: number; nu: number; }>; sections: Map<number, { id: number; a: number; iz: number; }>; elements: Map<...>; supports: Map<...>; loads: ({ ...; } | { ...; })[]; }' and 'SolverInput' are incompatible.\n    The types of 'loads' are incompatible between these types.\n      Type '({ type: \"distributed\"; data: { elementId: number; qI: number; qJ: number; nodeId?: undefined; fx?: undefined; fy?: undefined; mz?: undefined; }; } | { type: \"nodal\"; data: { nodeId: number; fx: number; fy: number; mz: number; elementId?: undefined; qI?: undefined; qJ?: undefined; }; })[]' is not assignable to type 'SolverLoad[]'.\n        Type '{ type: \"distributed\"; data: { elementId: number; qI: number; qJ: number; nodeId?: undefined; fx?: undefined; fy?: undefined; mz?: undefined; }; } | { type: \"nodal\"; data: { nodeId: number; fx: number; fy: number; mz: number; elementId?: undefined; qI?: undefined; qJ?: undefined; }; }' is not assignable to type 'SolverLoad'.\n          Type '{ type: \"nodal\"; data: { nodeId: number; fx: number; fy: number; mz: number; elementId?: undefined; qI?: undefined; qJ?: undefined; }; }' is not assignable to type 'SolverLoad'.\n            Type '{ type: \"nodal\"; data: { nodeId: number; fx: number; fy: number; mz: number; elementId?: undefined; qI?: undefined; qJ?: undefined; }; }' is not assignable to type '{ type: \"nodal\"; data: SolverNodalLoad; }'.\n              Types of property 'data' are incompatible.\n                Type '{ nodeId: number; fx: number; fy: number; mz: number; elementId?: undefined; qI?: undefined; qJ?: undefined; }' is missing the following properties from type 'SolverNodalLoad': fz, my"
1788864240359 ERROR "src\\lib\\engine\\__tests__\\solver-phase1.test.ts" 660:26 "No overload matches this call.\n  Overload 1 of 4, '(iterable?: Iterable<readonly [number, SolverNode]> | null | undefined): Map<number, SolverNode>', gave the following error.\n    Argument of type '[number, { id: number; x: number; y: number; }][]' is not assignable to parameter of type 'Iterable<readonly [number, SolverNode]>'.\n      The types returned by '[Symbol.iterator]().next(...)' are incompatible between these types.\n        Type 'IteratorResult<[number, { id: number; x: number; y: number; }], undefined>' is not assignable to type 'IteratorResult<readonly [number, SolverNode], any>'.\n          Type 'IteratorYieldResult<[number, { id: number; x: number; y: number; }]>' is not assignable to type 'IteratorResult<readonly [number, SolverNode], any>'.\n            Type 'IteratorYieldResult<[number, { id: number; x: number; y: number; }]>' is not assignable to type 'IteratorYieldResult<readonly [number, SolverNode]>'.\n              Type '[number, { id: number; x: number; y: number; }]' is not assignable to type 'readonly [number, SolverNode]'.\n                Type at position 1 in source is not compatible with type at position 1 in target.\n                  Object literal may only specify known properties, and 'y' does not exist in type 'SolverNode'."
1788864240359 ERROR "src\\lib\\engine\\__tests__\\solver-phase1.test.ts" 867:58 "Object literal may only specify known properties, and 'fy' does not exist in type 'SolverNodalLoad | SolverDistributedLoad | SolverPointLoadOnElement | SolverThermalLoad'."
1788864240359 ERROR "src\\lib\\engine\\__tests__\\solver-phase1.test.ts" 929:65 "Object literal may only specify known properties, and 'fy' does not exist in type 'SolverNodalLoad | SolverDistributedLoad | SolverPointLoadOnElement | SolverThermalLoad'."
1788864240359 ERROR "src\\lib\\engine\\__tests__\\solver-phase1.test.ts" 1004:58 "Object literal may only specify known properties, and 'fy' does not exist in type 'SolverNodalLoad | SolverDistributedLoad | SolverPointLoadOnElement | SolverThermalLoad'."
1788864240359 ERROR "src\\lib\\engine\\__tests__\\solver-phase1.test.ts" 1074:52 "Object literal may only specify known properties, and 'fy' does not exist in type 'SolverNodalLoad | SolverDistributedLoad | SolverPointLoadOnElement | SolverThermalLoad'."
1788864240360 ERROR "src\\lib\\engine\\__tests__\\solver-phase1.test.ts" 1075:52 "Object literal may only specify known properties, and 'fy' does not exist in type 'SolverNodalLoad | SolverDistributedLoad | SolverPointLoadOnElement | SolverThermalLoad'."
1788864240360 ERROR "src\\lib\\engine\\__tests__\\solver-phase1.test.ts" 1110:52 "Object literal may only specify known properties, and 'fy' does not exist in type 'SolverNodalLoad | SolverDistributedLoad | SolverPointLoadOnElement | SolverThermalLoad'."
1788864240360 ERROR "src\\lib\\engine\\__tests__\\solver-phase1.test.ts" 1144:58 "Object literal may only specify known properties, and 'fy' does not exist in type 'SolverNodalLoad | SolverDistributedLoad | SolverPointLoadOnElement | SolverThermalLoad'."
1788864240360 ERROR "src\\lib\\engine\\__tests__\\solver-phase1.test.ts" 1167:58 "Object literal may only specify known properties, and 'fy' does not exist in type 'SolverNodalLoad | SolverDistributedLoad | SolverPointLoadOnElement | SolverThermalLoad'."
1788864240360 ERROR "src\\lib\\engine\\__tests__\\solver-phase1.test.ts" 1266:58 "Object literal may only specify known properties, and 'fy' does not exist in type 'SolverNodalLoad | SolverDistributedLoad | SolverPointLoadOnElement | SolverThermalLoad'."
1788864240360 ERROR "src\\lib\\engine\\__tests__\\solver-phase1.test.ts" 1316:58 "Object literal may only specify known properties, and 'fy' does not exist in type 'SolverNodalLoad | SolverDistributedLoad | SolverPointLoadOnElement | SolverThermalLoad'."
1788864240360 ERROR "src\\lib\\engine\\__tests__\\solver-phase1.test.ts" 1328:58 "Object literal may only specify known properties, and 'fy' does not exist in type 'SolverNodalLoad | SolverDistributedLoad | SolverPointLoadOnElement | SolverThermalLoad'."
1788864240360 ERROR "src\\lib\\engine\\__tests__\\solver-phase1.test.ts" 1351:58 "Object literal may only specify known properties, and 'fy' does not exist in type 'SolverNodalLoad | SolverDistributedLoad | SolverPointLoadOnElement | SolverThermalLoad'."
1788864240360 ERROR "src\\lib\\engine\\__tests__\\solver-phase1.test.ts" 1359:58 "Object literal may only specify known properties, and 'fy' does not exist in type 'SolverNodalLoad | SolverDistributedLoad | SolverPointLoadOnElement | SolverThermalLoad'."
1788864240360 ERROR "src\\lib\\engine\\__tests__\\solver-phase1.test.ts" 1380:58 "Object literal may only specify known properties, and 'fy' does not exist in type 'SolverNodalLoad | SolverDistributedLoad | SolverPointLoadOnElement | SolverThermalLoad'."
1788864240360 ERROR "src\\lib\\engine\\__tests__\\solver-phase1.test.ts" 1388:58 "Object literal may only specify known properties, and 'fy' does not exist in type 'SolverNodalLoad | SolverDistributedLoad | SolverPointLoadOnElement | SolverThermalLoad'."
1788864240360 ERROR "src\\lib\\engine\\__tests__\\solver-phase1.test.ts" 1410:58 "Object literal may only specify known properties, and 'fy' does not exist in type 'SolverNodalLoad | SolverDistributedLoad | SolverPointLoadOnElement | SolverThermalLoad'."
1788864240360 ERROR "src\\lib\\engine\\__tests__\\solver-phase1.test.ts" 1418:58 "Object literal may only specify known properties, and 'fy' does not exist in type 'SolverNodalLoad | SolverDistributedLoad | SolverPointLoadOnElement | SolverThermalLoad'."
1788864240360 ERROR "src\\lib\\engine\\__tests__\\solver-phase1.test.ts" 1462:58 "Object literal may only specify known properties, and 'fy' does not exist in type 'SolverNodalLoad | SolverDistributedLoad | SolverPointLoadOnElement | SolverThermalLoad'."
1788864240360 ERROR "src\\lib\\engine\\__tests__\\solver-phase1.test.ts" 1473:58 "Object literal may only specify known properties, and 'fy' does not exist in type 'SolverNodalLoad | SolverDistributedLoad | SolverPointLoadOnElement | SolverThermalLoad'."
1788864240360 ERROR "src\\lib\\engine\\__tests__\\solver-phase1.test.ts" 1485:59 "Object literal may only specify known properties, and 'fy' does not exist in type 'SolverNodalLoad | SolverDistributedLoad | SolverPointLoadOnElement | SolverThermalLoad'."
1788864240360 ERROR "src\\lib\\engine\\__tests__\\solver-phase1.test.ts" 1506:58 "Object literal may only specify known properties, and 'fy' does not exist in type 'SolverNodalLoad | SolverDistributedLoad | SolverPointLoadOnElement | SolverThermalLoad'."
1788864240360 ERROR "src\\lib\\engine\\__tests__\\solver-phase1.test.ts" 1523:58 "Object literal may only specify known properties, and 'fy' does not exist in type 'SolverNodalLoad | SolverDistributedLoad | SolverPointLoadOnElement | SolverThermalLoad'."
1788864240360 ERROR "src\\lib\\engine\\__tests__\\solver-phase1.test.ts" 1544:58 "Object literal may only specify known properties, and 'fy' does not exist in type 'SolverNodalLoad | SolverDistributedLoad | SolverPointLoadOnElement | SolverThermalLoad'."
1788864240360 ERROR "src\\lib\\engine\\__tests__\\solver-phase1.test.ts" 1559:58 "Object literal may only specify known properties, and 'fy' does not exist in type 'SolverNodalLoad | SolverDistributedLoad | SolverPointLoadOnElement | SolverThermalLoad'."
1788864240360 ERROR "src\\lib\\engine\\__tests__\\solver-phase1.test.ts" 1575:58 "Object literal may only specify known properties, and 'fy' does not exist in type 'SolverNodalLoad | SolverDistributedLoad | SolverPointLoadOnElement | SolverThermalLoad'."
1788864240360 ERROR "src\\lib\\engine\\__tests__\\solver-phase1.test.ts" 1587:58 "Object literal may only specify known properties, and 'fy' does not exist in type 'SolverNodalLoad | SolverDistributedLoad | SolverPointLoadOnElement | SolverThermalLoad'."
1788864240360 ERROR "src\\lib\\engine\\__tests__\\solver-phase1.test.ts" 1603:58 "Object literal may only specify known properties, and 'fy' does not exist in type 'SolverNodalLoad | SolverDistributedLoad | SolverPointLoadOnElement | SolverThermalLoad'."
1788864240360 ERROR "src\\lib\\engine\\__tests__\\solver-phase1.test.ts" 1621:58 "Object literal may only specify known properties, and 'fy' does not exist in type 'SolverNodalLoad | SolverDistributedLoad | SolverPointLoadOnElement | SolverThermalLoad'."
1788864240360 ERROR "src\\lib\\engine\\__tests__\\solver-phase1.test.ts" 1752:24 "No overload matches this call.\n  Overload 1 of 4, '(iterable?: Iterable<readonly [number, SolverNode]> | null | undefined): Map<number, SolverNode>', gave the following error.\n    Argument of type '[number, { id: number; x: number; y: number; }][]' is not assignable to parameter of type 'Iterable<readonly [number, SolverNode]>'.\n      The types returned by '[Symbol.iterator]().next(...)' are incompatible between these types.\n        Type 'IteratorResult<[number, { id: number; x: number; y: number; }], undefined>' is not assignable to type 'IteratorResult<readonly [number, SolverNode], any>'.\n          Type 'IteratorYieldResult<[number, { id: number; x: number; y: number; }]>' is not assignable to type 'IteratorResult<readonly [number, SolverNode], any>'.\n            Type 'IteratorYieldResult<[number, { id: number; x: number; y: number; }]>' is not assignable to type 'IteratorYieldResult<readonly [number, SolverNode]>'.\n              Type '[number, { id: number; x: number; y: number; }]' is not assignable to type 'readonly [number, SolverNode]'.\n                Type at position 1 in source is not compatible with type at position 1 in target.\n                  Object literal may only specify known properties, and 'y' does not exist in type 'SolverNode'."
1788864240360 ERROR "src\\lib\\engine\\__tests__\\solver-phase1.test.ts" 1773:65 "Object literal may only specify known properties, and 'fy' does not exist in type 'SolverNodalLoad | SolverDistributedLoad | SolverPointLoadOnElement | SolverThermalLoad'."
1788864240360 ERROR "src\\lib\\engine\\__tests__\\solver-phase1.test.ts" 1901:53 "Object literal may only specify known properties, and 'fy' does not exist in type 'SolverNodalLoad | SolverDistributedLoad | SolverPointLoadOnElement | SolverThermalLoad'."
1788864240360 ERROR "src\\lib\\engine\\__tests__\\solver-phase1.test.ts" 1902:54 "Object literal may only specify known properties, and 'fy' does not exist in type 'SolverNodalLoad | SolverDistributedLoad | SolverPointLoadOnElement | SolverThermalLoad'."
1788864240360 ERROR "src\\lib\\engine\\__tests__\\solver-phase1.test.ts" 1960:58 "Object literal may only specify known properties, and 'fy' does not exist in type 'SolverNodalLoad | SolverDistributedLoad | SolverPointLoadOnElement | SolverThermalLoad'."
1788864240360 ERROR "src\\lib\\engine\\__tests__\\solver-phase1.test.ts" 1968:58 "Object literal may only specify known properties, and 'fy' does not exist in type 'SolverNodalLoad | SolverDistributedLoad | SolverPointLoadOnElement | SolverThermalLoad'."
1788864240360 ERROR "src\\lib\\engine\\__tests__\\solver-phase1.test.ts" 1991:58 "Object literal may only specify known properties, and 'fy' does not exist in type 'SolverNodalLoad | SolverDistributedLoad | SolverPointLoadOnElement | SolverThermalLoad'."
1788864240360 ERROR "src\\lib\\engine\\__tests__\\solver-phase1.test.ts" 1999:58 "Object literal may only specify known properties, and 'fy' does not exist in type 'SolverNodalLoad | SolverDistributedLoad | SolverPointLoadOnElement | SolverThermalLoad'."
1788864240360 ERROR "src\\lib\\engine\\__tests__\\solver-phase1.test.ts" 2025:58 "Object literal may only specify known properties, and 'fy' does not exist in type 'SolverNodalLoad | SolverDistributedLoad | SolverPointLoadOnElement | SolverThermalLoad'."
1788864240360 ERROR "src\\lib\\engine\\__tests__\\solver-phase1.test.ts" 2033:58 "Object literal may only specify known properties, and 'fy' does not exist in type 'SolverNodalLoad | SolverDistributedLoad | SolverPointLoadOnElement | SolverThermalLoad'."
1788864240360 ERROR "src\\lib\\engine\\__tests__\\solver-phase1.test.ts" 2060:58 "Object literal may only specify known properties, and 'fy' does not exist in type 'SolverNodalLoad | SolverDistributedLoad | SolverPointLoadOnElement | SolverThermalLoad'."
1788864240360 ERROR "src\\lib\\engine\\__tests__\\solver-phase1.test.ts" 2068:58 "Object literal may only specify known properties, and 'fy' does not exist in type 'SolverNodalLoad | SolverDistributedLoad | SolverPointLoadOnElement | SolverThermalLoad'."
1788864240360 ERROR "src\\lib\\engine\\__tests__\\solver-phase1.test.ts" 2096:53 "Object literal may only specify known properties, and 'fy' does not exist in type 'SolverNodalLoad | SolverDistributedLoad | SolverPointLoadOnElement | SolverThermalLoad'."
1788864240360 ERROR "src\\lib\\engine\\__tests__\\solver-phase1.test.ts" 2097:52 "Object literal may only specify known properties, and 'fy' does not exist in type 'SolverNodalLoad | SolverDistributedLoad | SolverPointLoadOnElement | SolverThermalLoad'."
1788864240360 ERROR "src\\lib\\engine\\__tests__\\solver-phase1.test.ts" 2117:52 "Object literal may only specify known properties, and 'fy' does not exist in type 'SolverNodalLoad | SolverDistributedLoad | SolverPointLoadOnElement | SolverThermalLoad'."
1788864240360 ERROR "src\\lib\\engine\\__tests__\\solver-phase1.test.ts" 2118:52 "Object literal may only specify known properties, and 'fy' does not exist in type 'SolverNodalLoad | SolverDistributedLoad | SolverPointLoadOnElement | SolverThermalLoad'."
1788864240360 ERROR "src\\lib\\engine\\__tests__\\solver-phase1.test.ts" 2119:52 "Object literal may only specify known properties, and 'fy' does not exist in type 'SolverNodalLoad | SolverDistributedLoad | SolverPointLoadOnElement | SolverThermalLoad'."
1788864240360 ERROR "src\\lib\\engine\\__tests__\\solver-phase1.test.ts" 2120:52 "Object literal may only specify known properties, and 'fy' does not exist in type 'SolverNodalLoad | SolverDistributedLoad | SolverPointLoadOnElement | SolverThermalLoad'."
1788864240360 ERROR "src\\lib\\engine\\__tests__\\solver-phase1.test.ts" 2137:52 "Object literal may only specify known properties, and 'fy' does not exist in type 'SolverNodalLoad | SolverDistributedLoad | SolverPointLoadOnElement | SolverThermalLoad'."
1788864240360 ERROR "src\\lib\\engine\\__tests__\\solver-phase1.test.ts" 2138:52 "Object literal may only specify known properties, and 'fy' does not exist in type 'SolverNodalLoad | SolverDistributedLoad | SolverPointLoadOnElement | SolverThermalLoad'."
1788864240360 ERROR "src\\lib\\engine\\__tests__\\solver-phase1.test.ts" 2172:59 "Object literal may only specify known properties, and 'fy' does not exist in type 'SolverNodalLoad | SolverDistributedLoad | SolverPointLoadOnElement | SolverThermalLoad'."
1788864240360 ERROR "src\\lib\\engine\\__tests__\\solver-phase1.test.ts" 2181:53 "Object literal may only specify known properties, and 'fy' does not exist in type 'SolverNodalLoad | SolverDistributedLoad | SolverPointLoadOnElement | SolverThermalLoad'."
1788864240360 ERROR "src\\lib\\engine\\__tests__\\solver-pool-async.test.ts" 15:23 "Cannot find module '../../wasm/dedaliano_engine.js' or its corresponding type declarations."
1788864240360 ERROR "src\\lib\\engine\\__tests__\\solver.test.ts" 48:12 "Type 'Map<number, { id: number; x: number; y: number; }>' is not assignable to type 'Map<number, SolverNode>'.\n  Property 'z' is missing in type '{ id: number; x: number; y: number; }' but required in type 'SolverNode'."
1788864240360 ERROR "src\\lib\\engine\\__tests__\\solver.test.ts" 151:56 "Object literal may only specify known properties, and 'fy' does not exist in type 'SolverNodalLoad | SolverDistributedLoad | SolverPointLoadOnElement | SolverThermalLoad'."
1788864240360 ERROR "src\\lib\\engine\\__tests__\\solver.test.ts" 296:56 "Object literal may only specify known properties, and 'fy' does not exist in type 'SolverNodalLoad | SolverDistributedLoad | SolverPointLoadOnElement | SolverThermalLoad'."
1788864240360 ERROR "src\\lib\\engine\\__tests__\\solver.test.ts" 361:57 "Object literal may only specify known properties, and 'fy' does not exist in type 'SolverNodalLoad | SolverDistributedLoad | SolverPointLoadOnElement | SolverThermalLoad'."
1788864240360 ERROR "src\\lib\\engine\\__tests__\\solver.test.ts" 498:56 "Object literal may only specify known properties, and 'fy' does not exist in type 'SolverNodalLoad | SolverDistributedLoad | SolverPointLoadOnElement | SolverThermalLoad'."
1788864240360 ERROR "src\\lib\\engine\\__tests__\\solver.test.ts" 530:56 "Object literal may only specify known properties, and 'fy' does not exist in type 'SolverNodalLoad | SolverDistributedLoad | SolverPointLoadOnElement | SolverThermalLoad'."
1788864240360 ERROR "src\\lib\\engine\\__tests__\\solver.test.ts" 565:56 "Object literal may only specify known properties, and 'fy' does not exist in type 'SolverNodalLoad | SolverDistributedLoad | SolverPointLoadOnElement | SolverThermalLoad'."
1788864240360 ERROR "src\\lib\\engine\\__tests__\\solver.test.ts" 659:5 "Type 'Map<number, { id: number; x: number; y: number; }>' is not assignable to type 'Map<number, SolverNode>'.\n  Property 'z' is missing in type '{ id: number; x: number; y: number; }' but required in type 'SolverNode'."
1788864240360 ERROR "src\\lib\\engine\\__tests__\\solver.test.ts" 676:50 "Object literal may only specify known properties, and 'fy' does not exist in type 'SolverNodalLoad | SolverDistributedLoad | SolverPointLoadOnElement | SolverThermalLoad'."
1788864240360 ERROR "src\\lib\\engine\\__tests__\\solver.test.ts" 716:5 "Type 'Map<number, { id: number; x: number; y: number; }>' is not assignable to type 'Map<number, SolverNode>'.\n  Property 'z' is missing in type '{ id: number; x: number; y: number; }' but required in type 'SolverNode'."
1788864240360 ERROR "src\\lib\\engine\\__tests__\\solver.test.ts" 770:5 "Type 'Map<number, { id: number; x: number; y: number; }>' is not assignable to type 'Map<number, SolverNode>'.\n  Property 'z' is missing in type '{ id: number; x: number; y: number; }' but required in type 'SolverNode'."
1788864240360 ERROR "src\\lib\\engine\\__tests__\\solver.test.ts" 829:5 "Type 'Map<number, { id: number; x: number; y: number; }>' is not assignable to type 'Map<number, SolverNode>'.\n  Property 'z' is missing in type '{ id: number; x: number; y: number; }' but required in type 'SolverNode'."
1788864240360 ERROR "src\\lib\\engine\\__tests__\\solver.test.ts" 838:5 "Type 'Map<number, { id: number; nodeId: number; type: \"fixed\"; dx?: undefined; } | { id: number; nodeId: number; type: \"rollerY\"; dx: number; }>' is not assignable to type 'Map<number, SolverSupport>'.\n  Type '{ id: number; nodeId: number; type: \"fixed\"; dx?: undefined; } | { id: number; nodeId: number; type: \"rollerY\"; dx: number; }' is not assignable to type 'SolverSupport'.\n    Type '{ id: number; nodeId: number; type: \"rollerY\"; dx: number; }' is not assignable to type 'SolverSupport'.\n      Types of property 'type' are incompatible.\n        Type '\"rollerY\"' is not assignable to type 'SupportType'. Did you mean '\"rollerX\"'?"
1788864240360 ERROR "src\\lib\\engine\\__tests__\\solver.test.ts" 894:5 "Type 'Map<number, { id: number; x: number; y: number; }>' is not assignable to type 'Map<number, SolverNode>'.\n  Property 'z' is missing in type '{ id: number; x: number; y: number; }' but required in type 'SolverNode'."
1788864240360 ERROR "src\\lib\\engine\\__tests__\\solver.test.ts" 992:66 "Object literal may only specify known properties, and 'fy' does not exist in type 'SolverNodalLoad | SolverDistributedLoad | SolverPointLoadOnElement | SolverThermalLoad'."
1788864240360 ERROR "src\\lib\\engine\\__tests__\\solver.test.ts" 1025:67 "Object literal may only specify known properties, and 'fy' does not exist in type 'SolverNodalLoad | SolverDistributedLoad | SolverPointLoadOnElement | SolverThermalLoad'."
1788864240360 ERROR "src\\lib\\engine\\__tests__\\solver.test.ts" 1089:67 "Object literal may only specify known properties, and 'fy' does not exist in type 'SolverNodalLoad | SolverDistributedLoad | SolverPointLoadOnElement | SolverThermalLoad'."
1788864240360 ERROR "src\\lib\\engine\\__tests__\\solver.test.ts" 1095:67 "Object literal may only specify known properties, and 'fy' does not exist in type 'SolverNodalLoad | SolverDistributedLoad | SolverPointLoadOnElement | SolverThermalLoad'."
1788864240360 ERROR "src\\lib\\engine\\__tests__\\split-element.test.ts" 30:5 "Type 'Map<number, { id: number; x: number; y: number; }>' is not assignable to type 'Map<number, SolverNode>'.\n  Property 'z' is missing in type '{ id: number; x: number; y: number; }' but required in type 'SolverNode'."
1788864240360 ERROR "src\\lib\\engine\\__tests__\\split-element.test.ts" 49:47 "Object literal may only specify known properties, and 'fy' does not exist in type 'SolverNodalLoad | SolverDistributedLoad | SolverPointLoadOnElement | SolverThermalLoad'."
1788864240360 ERROR "src\\lib\\engine\\design\\__tests__\\helpers.ts" 106:5 "Property 'maxAggregateSize' is missing in type '{ fc: number; fy: number; cover: number; stirrupDia: number; }' but required in type 'CodeMaterials'."
1788864240360 ERROR "src\\lib\\engine\\design\\__tests__\\design-core.test.ts" 26:5 "Type '{ category: never; value: number; absValue: number; comboId: number; comboName: string; stationT: number; stationX: number; forces: { x: number; t: number; n: number; vy: number; vz: number; my: number; mz: number; }; }[]' is not assignable to type 'GoverningDemand[]'.\n  Type '{ category: never; value: number; absValue: number; comboId: number; comboName: string; stationT: number; stationX: number; forces: { x: number; t: number; n: number; vy: number; vz: number; my: number; mz: number; }; }' is not assignable to type 'GoverningDemand'.\n    Types of property 'forces' are incompatible.\n      Property 'torsion' is missing in type '{ x: number; t: number; n: number; vy: number; vz: number; my: number; mz: number; }' but required in type 'StationForces'."
1788864240360 ERROR "src\\lib\\engine\\detailing\\__tests__\\constructible.test.ts" 103:18 "The right-hand side of an arithmetic operation must be of type 'any', 'number', 'bigint' or an enum type."
1788864240360 ERROR "src\\lib\\engine\\detailing\\__tests__\\constructible.test.ts" 204:20 "The right-hand side of an arithmetic operation must be of type 'any', 'number', 'bigint' or an enum type."
1788864240360 ERROR "src\\lib\\engine\\detailing\\__tests__\\document-model.test.ts" 35:19 "Type '\"blocking\"' is not assignable to type 'ConflictSeverity'."
1788864240360 ERROR "src\\lib\\engine\\detailing\\__tests__\\document-render.test.ts" 65:18 "Conversion of type '{ severity: \"blocking\"; barA: string; barB: string; at: { x: number; y: number; z: number; }; clearance: number; required: number; shortfall: number; elementIds: number[]; pairClass: \"prohibitedOverlap\"; }' to type 'BarConflict' may be a mistake because neither type sufficiently overlaps with the other. If this was intentional, convert the expression to 'unknown' first.\n  Types of property 'severity' are incompatible.\n    Type '\"blocking\"' is not comparable to type 'ConflictSeverity'."
1788864240360 ERROR "src\\lib\\engine\\detailing\\__tests__\\final-geometry.test.ts" 47:44 "Property 'name' does not exist on type 'ProvidedRebarCheck'."
1788864240360 ERROR "src\\lib\\engine\\detailing\\__tests__\\final-geometry.test.ts" 47:72 "Property 'label' does not exist on type 'ProvidedRebarCheck'."
1788864240360 ERROR "src\\lib\\engine\\detailing\\__tests__\\final-geometry.test.ts" 145:38 "Property 'name' does not exist on type 'ProvidedRebarCheck'."
1788864240360 ERROR "src\\lib\\engine\\detailing\\__tests__\\final-geometry.test.ts" 145:48 "Property 'label' does not exist on type 'ProvidedRebarCheck'."
1788864240360 ERROR "src\\lib\\engine\\detailing\\__tests__\\final-geometry.test.ts" 146:41 "Property 'name' does not exist on type 'ProvidedRebarCheck'."
1788864240360 ERROR "src\\lib\\engine\\detailing\\__tests__\\final-geometry.test.ts" 146:51 "Property 'label' does not exist on type 'ProvidedRebarCheck'."
1788864240360 ERROR "src\\lib\\engine\\detailing\\__tests__\\generate-column.test.ts" 138:29 "This comparison appears to be unintentional because the types '0.25' and '0' have no overlap."
1788864240360 ERROR "src\\lib\\store\\design-run.svelte.ts" 30:30 "'DesignCodeId' is declared but its value is never read."
1788864240361 ERROR "src\\lib\\utils\\__tests__\\url-sharing.test.ts" 51:84 "Object literal may only specify known properties, and 'hingeStart' does not exist in type '{ id: number; type: \"frame\" | \"truss\"; nodeI: number; nodeJ: number; materialId: number; sectionId: number; releaseI: Release; releaseJ: Release; reinforcement?: ProvidedReinforcement | undefined; } & Element3DMetadata'."
1788864240361 ERROR "src\\lib\\utils\\__tests__\\url-sharing.test.ts" 52:84 "Object literal may only specify known properties, and 'hingeStart' does not exist in type '{ id: number; type: \"frame\" | \"truss\"; nodeI: number; nodeJ: number; materialId: number; sectionId: number; releaseI: Release; releaseJ: Release; reinforcement?: ProvidedReinforcement | undefined; } & Element3DMetadata'."
1788864240361 ERROR "src\\lib\\utils\\__tests__\\url-sharing.test.ts" 53:84 "Object literal may only specify known properties, and 'hingeStart' does not exist in type '{ id: number; type: \"frame\" | \"truss\"; nodeI: number; nodeJ: number; materialId: number; sectionId: number; releaseI: Release; releaseJ: Release; reinforcement?: ProvidedReinforcement | undefined; } & Element3DMetadata'."
1788864240361 ERROR "src\\lib\\utils\\__tests__\\url-sharing.test.ts" 105:11 "Property 'hingeStart' does not exist on type '{ id: number; type: \"frame\" | \"truss\"; nodeI: number; nodeJ: number; materialId: number; sectionId: number; releaseI: Release; releaseJ: Release; reinforcement?: ProvidedReinforcement | undefined; } & Element3DMetadata'."
1788864240361 ERROR "src\\lib\\utils\\__tests__\\url-sharing.test.ts" 106:11 "Property 'hingeEnd' does not exist on type '{ id: number; type: \"frame\" | \"truss\"; nodeI: number; nodeJ: number; materialId: number; sectionId: number; releaseI: Release; releaseJ: Release; reinforcement?: ProvidedReinforcement | undefined; } & Element3DMetadata'."
1788864240361 ERROR "src\\lib\\utils\\__tests__\\url-sharing.test.ts" 162:5 "Type '[any, { id: any; type: \"frame\" | \"truss\"; nodeI: any; nodeJ: any; materialId: any; sectionId: any; hingeStart: any; hingeEnd: any; }][]' is not assignable to type '[number, { id: number; type: \"frame\" | \"truss\"; nodeI: number; nodeJ: number; materialId: number; sectionId: number; releaseI: Release; releaseJ: Release; reinforcement?: ProvidedReinforcement | undefined; } & Element3DMetadata][]'.\n  Type '[any, { id: any; type: \"frame\" | \"truss\"; nodeI: any; nodeJ: any; materialId: any; sectionId: any; hingeStart: any; hingeEnd: any; }]' is not assignable to type '[number, { id: number; type: \"frame\" | \"truss\"; nodeI: number; nodeJ: number; materialId: number; sectionId: number; releaseI: Release; releaseJ: Release; reinforcement?: ProvidedReinforcement | undefined; } & Element3DMetadata]'.\n    Type at position 1 in source is not compatible with type at position 1 in target.\n      Type '{ id: any; type: \"frame\" | \"truss\"; nodeI: any; nodeJ: any; materialId: any; sectionId: any; hingeStart: any; hingeEnd: any; }' is not assignable to type '{ id: number; type: \"frame\" | \"truss\"; nodeI: number; nodeJ: number; materialId: number; sectionId: number; releaseI: Release; releaseJ: Release; reinforcement?: ProvidedReinforcement | undefined; } & Element3DMetadata'.\n        Type '{ id: any; type: \"frame\" | \"truss\"; nodeI: any; nodeJ: any; materialId: any; sectionId: any; hingeStart: any; hingeEnd: any; }' is missing the following properties from type '{ id: number; type: \"frame\" | \"truss\"; nodeI: number; nodeJ: number; materialId: number; sectionId: number; releaseI: Release; releaseJ: Release; reinforcement?: ProvidedReinforcement | undefined; }': releaseI, releaseJ"
1788864240361 ERROR "src\\lib\\utils\\__tests__\\url-sharing.test.ts" 321:84 "Object literal may only specify known properties, and 'hingeStart' does not exist in type '{ id: number; type: \"frame\" | \"truss\"; nodeI: number; nodeJ: number; materialId: number; sectionId: number; releaseI: Release; releaseJ: Release; reinforcement?: ProvidedReinforcement | undefined; } & Element3DMetadata'."
1788864240361 ERROR "src\\lib\\utils\\__tests__\\url-sharing.test.ts" 333:84 "Object literal may only specify known properties, and 'hingeStart' does not exist in type '{ id: number; type: \"frame\" | \"truss\"; nodeI: number; nodeJ: number; materialId: number; sectionId: number; releaseI: Release; releaseJ: Release; reinforcement?: ProvidedReinforcement | undefined; } & Element3DMetadata'."
1788864240361 WARNING "src\\components\\FeedbackWidget.svelte" 180:5 "Visible, non-interactive elements with a click event must be accompanied by a keyboard event handler. Consider whether an interactive element such as `<button type=\"button\">` or `<a>` might be more appropriate\nhttps://svelte.dev/e/a11y_click_events_have_key_events"
1788864240361 WARNING "src\\components\\FeedbackWidget.svelte" 33:7 "`turnstileContainer` is updated, but is not declared with `$state(...)`. Changing its value will not correctly trigger updates\nhttps://svelte.dev/e/non_reactive_update"
1788864240361 WARNING "src\\components\\property\\SupportDetails.svelte" 195:3 "Unused CSS selector \"input[type=\"checkbox\"]\"\nhttps://svelte.dev/e/css_unused_selector"
1788864240361 WARNING "src\\components\\SectionShapeBuilder.svelte" 136:5 "Visible, non-interactive elements with a click event must be accompanied by a keyboard event handler. Consider whether an interactive element such as `<button type=\"button\">` or `<a>` might be more appropriate\nhttps://svelte.dev/e/a11y_click_events_have_key_events"
1788864240361 ERROR "src\\components\\Toolbar.svelte" 18:7 "'fileInput' is declared but its value is never read."
1788864240361 ERROR "src\\components\\Toolbar.svelte" 38:9 "'tools' is declared but its value is never read."
1788864240361 COMPLETED 923 FILES 332 ERRORS 83 WARNINGS 86 FILES_WITH_PROBLEMS
